Russian	English	Category	Confidence	Sources	Issues	_reject_reason
аберрантный	aberrant goiter		needs_human_review	akzhigitov_2_5		tilde_artifact: 'аберрантный' → 'aberrant goiter'
абеталипопротеинемия, синдром Бессена-Корнцвейга			reference_only	baldwin_reference		empty_en_after_fix
автоматический	self-acting		needs_human_review	akzhigitov_2_5		tilde_artifact: 'автоматический' → 'self-acting'
аглютеновый	gluten-free		needs_human_review	akzhigitov_2_5		tilde_artifact: 'аглютеновый' → 'gluten-free'
адвентициальный	adventitious, adventive		needs_human_review	akzhigitov_2_5		tilde_artifact: 'адвентициальный' → 'adventitious, adventive'
актиноморфный	actinomorphic, actinomorphous		needs_human_review	akzhigitov_2_5		tilde_artifact: 'актиноморфный' → 'actinomorphic, actinomorphous'
аллергизированный	allergen-challenged		needs_human_review	akzhigitov_2_5		tilde_artifact: 'аллергизированный' → 'allergen-challenged'
альбуминозный	albuminous periostitis		needs_human_review	akzhigitov_2_5		tilde_artifact: 'альбуминозный' → 'albuminous periostitis'
амидочёрный	amido black		needs_human_review	akzhigitov_2_5		tilde_artifact: 'амидочёрный' → 'amido black'
анизотропный	anisotropic, anisotropous		needs_human_review	akzhigitov_2_5		tilde_artifact: 'анизотропный' → 'anisotropic, anisotropous'
антеторакальный	prethoracic esophagus		needs_human_review	akzhigitov_2_5		tilde_artifact: 'антеторакальный' → 'prethoracic esophagus'
антибиотикорезистентный	antibiotic-resistant		needs_human_review	akzhigitov_2_5		tilde_artifact: 'антибиотикорезистентный' → 'antibiotic-resistant'
антикариесный	caries inhibitory dentifrice		needs_human_review	akzhigitov_2_5		tilde_artifact: 'антикариесный' → 'caries inhibitory dentifrice'
антикариозный	anticariogenic, anticarious		needs_human_review	akzhigitov_2_5		tilde_artifact: 'антикариозный' → 'anticariogenic, anticarious'
антителоиндуцированный	antibody-induced capping		needs_human_review	akzhigitov_2_5		tilde_artifact: 'антителоиндуцированный' → 'antibody-induced capping'
антропогенный	anthropogenic, anthropogenous		needs_human_review	akzhigitov_2_5		tilde_artifact: 'антропогенный' → 'anthropogenic, anthropogenous'
антропозоонозная инфекция, антропозооноз (инфекционные болезни)			reference_only	baldwin_reference		empty_en_after_fix
апирогенный	pyrogen-free		needs_human_review	akzhigitov_2_5		tilde_artifact: 'апирогенный' → 'pyrogen-free'
аподактильный	no-touch		needs_human_review	akzhigitov_2_5		tilde_artifact: 'аподактильный' → 'no-touch'
апофизарный	apophysary, apophyseal		needs_human_review	akzhigitov_2_5		tilde_artifact: 'апофизарный' → 'apophysary, apophyseal'
аппендикулярный	appendical, appendiceal		needs_human_review	akzhigitov_2_5		tilde_artifact: 'аппендикулярный' → 'appendical, appendiceal'
аппендикулярный	appendiceal abscess		needs_human_review	akzhigitov_2_5		tilde_artifact: 'аппендикулярный' → 'appendiceal abscess'
аритмогенный	arrhythmogenic, arrhythmological		needs_human_review	akzhigitov_2_5		tilde_artifact: 'аритмогенный' → 'arrhythmogenic, arrhythmological'
ассоциированный	association neurosensory		needs_human_review	akzhigitov_2_5		tilde_artifact: 'ассоциированный' → 'association neurosensory'
атетоидный	athetoid, athetosic		needs_human_review	akzhigitov_2_5		tilde_artifact: 'атетоидный' → 'athetoid, athetosic'
атриовентрикулярный	atrioventricular rhythm		needs_human_review	akzhigitov_2_5		tilde_artifact: 'атриовентрикулярный' → 'atrioventricular rhythm'
аурикулотемпоральный	auriculotemporal nerve syndrome		needs_human_review	akzhigitov_2_5		tilde_artifact: 'аурикулотемпоральный' → 'auriculotemporal nerve syndrome'
аутоиммунный	immune-mediated		needs_human_review	akzhigitov_2_5		tilde_artifact: 'аутоиммунный' → 'immune-mediated'
аутоиммунный	immune-mediated keratoconjunctivitis		needs_human_review	akzhigitov_2_5		tilde_artifact: 'аутоиммунный' → 'immune-mediated keratoconjunctivitis'
аутореактивный	autoresponsive allospecific cytoxic		needs_human_review	akzhigitov_2_5		tilde_artifact: 'аутореактивный' → 'autoresponsive allospecific cytoxic'
аутотрофный	self-nourishing		needs_human_review	akzhigitov_2_5		tilde_artifact: 'аутотрофный' → 'self-nourishing'
афферентный	centripetal acceleration		needs_human_review	akzhigitov_2_5		tilde_artifact: 'афферентный' → 'centripetal acceleration'
ахолический	acholic, acholous		needs_human_review	akzhigitov_2_5		tilde_artifact: 'ахолический' → 'acholic, acholous'
аэробный	aerobian, aerobic		needs_human_review	akzhigitov_2_5		tilde_artifact: 'аэробный' → 'aerobian, aerobic'
аэрогенный	aerogenic, aerogenous		needs_human_review	akzhigitov_2_5		tilde_artifact: 'аэрогенный' → 'aerogenic, aerogenous'
базальный	diaphragmatic pleioxeny		needs_human_review	akzhigitov_2_5		tilde_artifact: 'базальный' → 'diaphragmatic pleioxeny'
бактериогенный	bacteriogenic, bacteriogenous		needs_human_review	akzhigitov_2_5		tilde_artifact: 'бактериогенный' → 'bacteriogenic, bacteriogenous'
бедренно-подколенный	femoropopliteal bypass		needs_human_review	akzhigitov_2_5		tilde_artifact: 'бедренно-подколенный' → 'femoropopliteal bypass'
безаварийный	trouble-free, troubleproof		needs_human_review	akzhigitov_2_5		tilde_artifact: 'безаварийный' → 'trouble-free, troubleproof'
безбелковый	protein-free		needs_human_review	akzhigitov_2_5		tilde_artifact: 'безбелковый' → 'protein-free'
безвредный	innocuous, innoxious		needs_human_review	akzhigitov_2_5		tilde_artifact: 'безвредный' → 'innocuous, innoxious'
бездомный	homeless person		needs_human_review	akzhigitov_2_5		tilde_artifact: 'бездомный' → 'homeless person'
безжелтушный	jaundice-free		needs_human_review	akzhigitov_2_5		tilde_artifact: 'безжелтушный' → 'jaundice-free'
безлихорадочный	fever-free		needs_human_review	akzhigitov_2_5		tilde_artifact: 'безлихорадочный' → 'fever-free'
безнадёжный	beyond praying		needs_human_review	akzhigitov_2_5		tilde_artifact: 'безнадёжный' → 'beyond praying'
безнадёжный	beyond recovery		needs_human_review	akzhigitov_2_5		tilde_artifact: 'безнадёжный' → 'beyond recovery'
безработный	unemployed person		needs_human_review	akzhigitov_2_5		tilde_artifact: 'безработный' → 'unemployed person'
безуглеводный	glycoprival, glycoprivous		needs_human_review	akzhigitov_2_5		tilde_artifact: 'безуглеводный' → 'glycoprival, glycoprivous'
безъякорный	anchor-minus		needs_human_review	akzhigitov_2_5		tilde_artifact: 'безъякорный' → 'anchor-minus'
белок в моче, протеинурия			reference_only	baldwin_reference		empty_en_after_fix
бесклеточный	cell-free		needs_human_review	akzhigitov_2_5		tilde_artifact: 'бесклеточный' → 'cell-free'
беспородный	random breed		needs_human_review	akzhigitov_2_5		tilde_artifact: 'беспородный' → 'random breed'
бесструктурный	anhistic, anhistous		needs_human_review	akzhigitov_2_5		tilde_artifact: 'бесструктурный' → 'anhistic, anhistous'
бета-адренергический	beta-adrenergic		needs_human_review	akzhigitov_2_5		tilde_artifact: 'бета-адренергический' → 'beta-adrenergic'
биполярный	bipolar neuron		needs_human_review	akzhigitov_2_5		tilde_artifact: 'биполярный' → 'bipolar neuron'
бластодермический	blastodermic vesicle		needs_human_review	akzhigitov_2_5		tilde_artifact: 'бластодермический' → 'blastodermic vesicle'
бледный	whey-faced		needs_human_review	akzhigitov_2_5		tilde_artifact: 'бледный' → 'whey-faced'
бледный	white-faced		needs_human_review	akzhigitov_2_5		tilde_artifact: 'бледный' → 'white-faced'
близкородственный	closely related		needs_human_review	akzhigitov_2_5		tilde_artifact: 'близкородственный' → 'closely related'
близорукий	half-sighted		needs_human_review	akzhigitov_2_5		tilde_artifact: 'близорукий' → 'half-sighted'
близорукий	mope-eyed		needs_human_review	akzhigitov_2_5		tilde_artifact: 'близорукий' → 'mope-eyed'
близорукий	narrow-sighted		needs_human_review	akzhigitov_2_5		tilde_artifact: 'близорукий' → 'narrow-sighted'
близорукий	short-sighted		needs_human_review	akzhigitov_2_5		tilde_artifact: 'близорукий' → 'short-sighted'
блюдцеобразный	saucer-shaped		needs_human_review	akzhigitov_2_5		tilde_artifact: 'блюдцеобразный' → 'saucer-shaped'
болезнетворный	morbiferous, morbific, morbigenous		needs_human_review	akzhigitov_2_5		tilde_artifact: 'болезнетворный' → 'morbiferous, morbific, morbigenous'
больной	medical patient		reference_only	baldwin_reference		tilde_artifact: 'больной' → 'medical patient'
больной	broadly sensitized patient		needs_human_review	akzhigitov_2_5		tilde_artifact: 'больной' → 'broadly sensitized patient'
больной	constipated patient		needs_human_review	akzhigitov_2_5		tilde_artifact: 'больной' → 'constipated patient'
больной	contractual patient		needs_human_review	akzhigitov_2_5		tilde_artifact: 'больной' → 'contractual patient'
больной	day patient		needs_human_review	akzhigitov_2_5		tilde_artifact: 'больной' → 'day patient'
больной	dialysis patient		needs_human_review	akzhigitov_2_5		tilde_artifact: 'больной' → 'dialysis patient'
больной	incontinent patient		needs_human_review	akzhigitov_2_5		tilde_artifact: 'больной' → 'incontinent patient'
больной	patient on ventilator		needs_human_review	akzhigitov_2_5		tilde_artifact: 'больной' → 'patient on ventilator'
больной	paying long stay		needs_human_review	akzhigitov_2_5		tilde_artifact: 'больной' → 'paying long stay'
больной	reliable long stay		needs_human_review	akzhigitov_2_5		tilde_artifact: 'больной' → 'reliable long stay'
больной	right long stay		needs_human_review	akzhigitov_2_5		tilde_artifact: 'больной' → 'right long stay'
больной	terminally ill		needs_human_review	akzhigitov_2_5		tilde_artifact: 'больной' → 'terminally ill'
больной	unipolar terminally ill		needs_human_review	akzhigitov_2_5		tilde_artifact: 'больной' → 'unipolar terminally ill'
больной	unreliable terminally ill		needs_human_review	akzhigitov_2_5		tilde_artifact: 'больной' → 'unreliable terminally ill'
бородавчатый	vegetative endocarditis		needs_human_review	akzhigitov_2_5		tilde_artifact: 'бородавчатый' → 'vegetative endocarditis'
бради-тахикардитический	brady-tachycardiac syndrome		needs_human_review	akzhigitov_2_5		tilde_artifact: 'бради-тахикардитический' → 'brady-tachycardiac syndrome'
брадикардитический	heart rate-lowering		needs_human_review	akzhigitov_2_5		tilde_artifact: 'брадикардитический' → 'heart rate-lowering'
бранхиогенный	branchial, branchiogenic		needs_human_review	akzhigitov_2_5		tilde_artifact: 'бранхиогенный' → 'branchial, branchiogenic'
брахиоскелетогенитальный	brachioskeletogenital syndrome		needs_human_review	akzhigitov_2_5		tilde_artifact: 'брахиоскелетогенитальный' → 'brachioskeletogenital syndrome'
брахицефалический	brachycephalic skull		needs_human_review	akzhigitov_2_5		tilde_artifact: 'брахицефалический' → 'brachycephalic skull'
бугорково-фиссурный	intercuspation, intercusping		needs_human_review	akzhigitov_2_5		tilde_artifact: 'бугорково-фиссурный' → 'intercuspation, intercusping'
вазомоторный	vasomotor catarrh		needs_human_review	akzhigitov_2_5		tilde_artifact: 'вазомоторный' → 'vasomotor catarrh'
вазомоторный	vasomotor nerve		needs_human_review	akzhigitov_2_5		tilde_artifact: 'вазомоторный' → 'vasomotor nerve'
вакуумный	sub-atmospheric		needs_human_review	akzhigitov_2_5		tilde_artifact: 'вакуумный' → 'sub-atmospheric'
Вакциноассоциированный	Vaccine-associated paralytic poliomyelitis (VAPP)		reference_only	vaccine_pdf_WHO		tilde_artifact: 'Вакциноассоциированный' → 'Vaccine-associated paralytic poliomyelitis (VAPP)'
везикулёзный	mouse mite-transmitted rickettsialpox		needs_human_review	akzhigitov_2_5		tilde_artifact: 'везикулёзный' → 'mouse mite-transmitted rickettsialpox'
веретенообразный	spindle-shaped		needs_human_review	akzhigitov_2_5		tilde_artifact: 'веретенообразный' → 'spindle-shaped'
вертлужный	trochanterian, trochanteric		needs_human_review	akzhigitov_2_5		tilde_artifact: 'вертлужный' → 'trochanterian, trochanteric'
видоспецифический	species-specific		needs_human_review	akzhigitov_2_5		tilde_artifact: 'видоспецифический' → 'species-specific'
видоспецифический	strain specific		needs_human_review	akzhigitov_2_5		tilde_artifact: 'видоспецифический' → 'strain specific'
вирус-индуцированный	virus-challenged		needs_human_review	akzhigitov_2_5		tilde_artifact: 'вирус-индуцированный' → 'virus-challenged'
вирусная нагрузка			reference_only	baldwin_reference		empty_en_after_fix
височно-нижнечелюстной	temporomandibular prasad		needs_human_review	akzhigitov_2_5		tilde_artifact: 'височно-нижнечелюстной' → 'temporomandibular prasad'
височнозатылочный	temporo-occipital		needs_human_review	akzhigitov_2_5		tilde_artifact: 'височнозатылочный' → 'temporo-occipital'
влагостойкий	damp-proof		needs_human_review	akzhigitov_2_5		tilde_artifact: 'влагостойкий' → 'damp-proof'
внебольничный	community-acquired		needs_human_review	akzhigitov_2_5		tilde_artifact: 'внебольничный' → 'community-acquired'
внебольничный	out-of-hospital		needs_human_review	akzhigitov_2_5		tilde_artifact: 'внебольничный' → 'out-of-hospital'
внематочная беременность			reference_only	baldwin_reference		empty_en_after_fix
внесердечный	exocardiac, exocardial		needs_human_review	akzhigitov_2_5		tilde_artifact: 'внесердечный' → 'exocardiac, exocardial'
внеядерный	extra-core		needs_human_review	akzhigitov_2_5		tilde_artifact: 'внеядерный' → 'extra-core'
внутренний отит			reference_only	baldwin_reference		empty_en_after_fix
внутрибольничный	hospital-induced		needs_human_review	akzhigitov_2_5		tilde_artifact: 'внутрибольничный' → 'hospital-induced'
внутрикостный	intraosseous, intraosteal		needs_human_review	akzhigitov_2_5		tilde_artifact: 'внутрикостный' → 'intraosseous, intraosteal'
внутриличностный	intrapersonal conflict		needs_human_review	akzhigitov_2_5		tilde_artifact: 'внутриличностный' → 'intrapersonal conflict'
внутриполостной	intracavitary, intracelial		needs_human_review	akzhigitov_2_5		tilde_artifact: 'внутриполостной' → 'intracavitary, intracelial'
внутрисердечный	endocardial endocardial		needs_human_review	akzhigitov_2_5		tilde_artifact: 'внутрисердечный' → 'endocardial endocardial'
внутрисуставной	intra-articular artificial		needs_human_review	akzhigitov_2_5		tilde_artifact: 'внутрисуставной' → 'intra-articular artificial'
воронкообразный	funnel-shaped		needs_human_review	akzhigitov_2_5		tilde_artifact: 'воронкообразный' → 'funnel-shaped'
врачебный	iatric(al)		reference_only	baldwin_reference		tilde_artifact: 'врачебный' → 'iatric(al)'
врождённый	constitutional cause		needs_human_review	akzhigitov_2_5		tilde_artifact: 'врождённый' → 'constitutional cause'
вспыльчивый	easy on trigger		needs_human_review	akzhigitov_2_5		tilde_artifact: 'вспыльчивый' → 'easy on trigger'
вспыльчивый	hot-tempered		needs_human_review	akzhigitov_2_5		tilde_artifact: 'вспыльчивый' → 'hot-tempered'
вспыльчивый	prone to anger		needs_human_review	akzhigitov_2_5		tilde_artifact: 'вспыльчивый' → 'prone to anger'
вспыльчивый	quick-tempered		needs_human_review	akzhigitov_2_5		tilde_artifact: 'вспыльчивый' → 'quick-tempered'
вспыльчивый	short-tempered		needs_human_review	akzhigitov_2_5		tilde_artifact: 'вспыльчивый' → 'short-tempered'
второстепенный	subsidiary echo-guided bioptic		needs_human_review	akzhigitov_2_5		tilde_artifact: 'второстепенный' → 'subsidiary echo-guided bioptic'
вызванный	ventilator-associated, ventilator-induced		needs_human_review	akzhigitov_2_5		tilde_artifact: 'вызванный' → 'ventilator-associated, ventilator-induced'
выпавший	fallen out		needs_human_review	akzhigitov_2_5		tilde_artifact: 'выпавший' → 'fallen out'
высокоактивный	high-activity		needs_human_review	akzhigitov_2_5		tilde_artifact: 'высокоактивный' → 'high-activity'
высокоинтенсивный	high-intensity		needs_human_review	akzhigitov_2_5		tilde_artifact: 'высокоинтенсивный' → 'high-intensity'
высококалорийный	high-caloric		needs_human_review	akzhigitov_2_5		tilde_artifact: 'высококалорийный' → 'high-caloric'
высокопольный	high-field		needs_human_review	akzhigitov_2_5		tilde_artifact: 'высокопольный' → 'high-field'
высокотоксичный	high-toxic		needs_human_review	akzhigitov_2_5		tilde_artifact: 'высокотоксичный' → 'high-toxic'
высокочувствительный	high-strung		needs_human_review	akzhigitov_2_5		tilde_artifact: 'высокочувствительный' → 'high-strung'
вытеснительный	displacement chromatographic		needs_human_review	akzhigitov_2_5		tilde_artifact: 'вытеснительный' → 'displacement chromatographic'
газовый	respiratory acidosis		needs_human_review	akzhigitov_2_5		tilde_artifact: 'газовый' → 'respiratory acidosis'
газожидкостный	gas-liquid		needs_human_review	akzhigitov_2_5		tilde_artifact: 'газожидкостный' → 'gas-liquid'
галлюциногенный	mind-bending		needs_human_review	akzhigitov_2_5		tilde_artifact: 'галлюциногенный' → 'mind-bending'
ганглиозный	gangliac, ganglial		needs_human_review	akzhigitov_2_5		tilde_artifact: 'ганглиозный' → 'gangliac, ganglial'
гемолитико-уремический	hemolytic-uremic syndrome		needs_human_review	akzhigitov_2_5		tilde_artifact: 'гемолитико-уремический' → 'hemolytic-uremic syndrome'
гемолитический	hemocidal, hemoclastic		needs_human_review	akzhigitov_2_5		tilde_artifact: 'гемолитический' → 'hemocidal, hemoclastic'
гепатолиенальный	hepatolienal fibrosis		needs_human_review	akzhigitov_2_5		tilde_artifact: 'гепатолиенальный' → 'hepatolienal fibrosis'
герметический	pressureproof, pressure-tight		needs_human_review	akzhigitov_2_5		tilde_artifact: 'герметический' → 'pressureproof, pressure-tight'
герпетиформный	zosteriform, zosteroid		needs_human_review	akzhigitov_2_5		tilde_artifact: 'герпетиформный' → 'zosteriform, zosteroid'
гидрофильно-липофильный	hydrophile-lypophile balance		needs_human_review	akzhigitov_2_5		tilde_artifact: 'гидрофильно-липофильный' → 'hydrophile-lypophile balance'
гидрофобный	water-repellent		needs_human_review	akzhigitov_2_5		tilde_artifact: 'гидрофобный' → 'water-repellent'
гиперкалиемический	hyperkaliemic paroxysmal palsy		needs_human_review	akzhigitov_2_5		tilde_artifact: 'гиперкалиемический' → 'hyperkaliemic paroxysmal palsy'
гипертоничный	bladder hypercontractility		needs_human_review	akzhigitov_2_5		tilde_artifact: 'гипертоничный' → 'bladder hypercontractility'
гипоталамический	hypothalamic cerebral		needs_human_review	akzhigitov_2_5		tilde_artifact: 'гипоталамический' → 'hypothalamic cerebral'
гистолитический	tissue-dissolving		needs_human_review	akzhigitov_2_5		tilde_artifact: 'гистолитический' → 'tissue-dissolving'
главный	principial sign		needs_human_review	akzhigitov_2_5		tilde_artifact: 'главный' → 'principial sign'
глазной	optic(al)		reference_only	baldwin_reference		tilde_artifact: 'глазной' → 'optic(al)'
глазодвигательный	oculogyric seizure		needs_human_review	akzhigitov_2_5		tilde_artifact: 'глазодвигательный' → 'oculogyric seizure'
глазосердечный	oculocardiac inborn		needs_human_review	akzhigitov_2_5		tilde_artifact: 'глазосердечный' → 'oculocardiac inborn'
гликогенный	glycogen (et)ic		needs_human_review	akzhigitov_2_5		tilde_artifact: 'гликогенный' → 'glycogen (et)ic'
Глобальный	Global Advisory Committee on Vaccine Safety (GACVS)		reference_only	vaccine_pdf_WHO		tilde_artifact: 'Глобальный' → 'Global Advisory Committee on Vaccine Safety (GACVS)'
глотательный	deglutitive, degiutitory		needs_human_review	akzhigitov_2_5		tilde_artifact: 'глотательный' → 'deglutitive, degiutitory'
глубокий	deep fungal disease		needs_human_review	akzhigitov_2_5		tilde_artifact: 'глубокий' → 'deep fungal disease'
гноеродный	pus-producing		needs_human_review	akzhigitov_2_5		tilde_artifact: 'гноеродный' → 'pus-producing'
гной	purulence, purulency		needs_human_review	akzhigitov_2_5		tilde_artifact: 'гной' → 'purulence, purulency'
гомодетерминантный	symmetrical bifunctional hepatitis		needs_human_review	akzhigitov_2_5		tilde_artifact: 'гомодетерминантный' → 'symmetrical bifunctional hepatitis'
гомотопический	homotypic, homotypical		needs_human_review	akzhigitov_2_5		tilde_artifact: 'гомотопический' → 'homotypic, homotypical'
гонадотропный	gonadotrop(h)ic		needs_human_review	akzhigitov_2_5		tilde_artifact: 'гонадотропный' → 'gonadotrop(h)ic'
Государственный	State Sanitary and Epidemiological Surveillance (SSES/SanEpi)		reference_only	vaccine_pdf_WHO		tilde_artifact: 'Государственный' → 'State Sanitary and Epidemiological Surveillance (SSES/SanEpi)'
грамотрицательный	gram-negative		needs_human_review	akzhigitov_2_5		tilde_artifact: 'грамотрицательный' → 'gram-negative'
грамположительный	gram-positive		needs_human_review	akzhigitov_2_5		tilde_artifact: 'грамположительный' → 'gram-positive'
гриппоподобный	flu-like		needs_human_review	akzhigitov_2_5		tilde_artifact: 'гриппоподобный' → 'flu-like'
гроздевидный	aciniform, acinous		needs_human_review	akzhigitov_2_5		tilde_artifact: 'гроздевидный' → 'aciniform, acinous'
дальнозоркий	long-sighted		needs_human_review	akzhigitov_2_5		tilde_artifact: 'дальнозоркий' → 'long-sighted'
двигательно-кинестетический	motor-kinesthetic analyzer1		needs_human_review	akzhigitov_2_5		tilde_artifact: 'двигательно-кинестетический' → 'motor-kinesthetic analyzer1'
двояковыпуклый	convexo-convex		needs_human_review	akzhigitov_2_5		tilde_artifact: 'двояковыпуклый' → 'convexo-convex'
двумерный	antigen-antibody crossed electrophoresis		needs_human_review	akzhigitov_2_5		tilde_artifact: 'двумерный' → 'antigen-antibody crossed electrophoresis'
двусмысленный	amphibolic, amphibolous		needs_human_review	akzhigitov_2_5		tilde_artifact: 'двусмысленный' → 'amphibolic, amphibolous'
двухвершинный	ancipital, ancipitate, ancipitous		needs_human_review	akzhigitov_2_5		tilde_artifact: 'двухвершинный' → 'ancipital, ancipitate, ancipitous'
двухкамерный	two-chambered		needs_human_review	akzhigitov_2_5		tilde_artifact: 'двухкамерный' → 'two-chambered'
двухмерный	two-dimensional		needs_human_review	akzhigitov_2_5		tilde_artifact: 'двухмерный' → 'two-dimensional'
двухпросветный	double-barreled		needs_human_review	akzhigitov_2_5		tilde_artifact: 'двухпросветный' → 'double-barreled'
двухслойный	bilaminar, bilaminate		needs_human_review	akzhigitov_2_5		tilde_artifact: 'двухслойный' → 'bilaminar, bilaminate'
двухстадийный	two-site enzyme immunoassay		needs_human_review	akzhigitov_2_5		tilde_artifact: 'двухстадийный' → 'two-site enzyme immunoassay'
двухступенчатый	two-stage		reference_only	baldwin_reference		tilde_artifact: 'двухступенчатый' → 'two-stage'
двухступенчатый	two-step		reference_only	baldwin_reference		tilde_artifact: 'двухступенчатый' → 'two-step'
двухфазный	diphase, diphasic		needs_human_review	akzhigitov_2_5		tilde_artifact: 'двухфазный' → 'diphase, diphasic'
двухэтапный	two-stage		reference_only	baldwin_reference		tilde_artifact: 'двухэтапный' → 'two-stage'
двухэтапный	two-step		reference_only	baldwin_reference		tilde_artifact: 'двухэтапный' → 'two-step'
двухэтапный	two-stage, two-step		needs_human_review	akzhigitov_2_5		tilde_artifact: 'двухэтапный' → 'two-stage, two-step'
двуядерный	binuclear, binucleate		needs_human_review	akzhigitov_2_5		tilde_artifact: 'двуядерный' → 'binuclear, binucleate'
двуяйцовый	dizygotic, dizygous		needs_human_review	akzhigitov_2_5		tilde_artifact: 'двуяйцовый' → 'dizygotic, dizygous'
дежурный	on duty		needs_human_review	akzhigitov_2_5		tilde_artifact: 'дежурный' → 'on duty'
депонированный	delayed-release		needs_human_review	akzhigitov_2_5		tilde_artifact: 'депонированный' → 'delayed-release'
диагностический	examination criterion		needs_human_review	akzhigitov_2_5		tilde_artifact: 'диагностический' → 'examination criterion'
динамический	time-resolved		needs_human_review	akzhigitov_2_5		tilde_artifact: 'динамический' → 'time-resolved'
диссеминированный	disseminated candidiasis		needs_human_review	akzhigitov_2_5		tilde_artifact: 'диссеминированный' → 'disseminated candidiasis'
диссеминированный	disseminated chorea		needs_human_review	akzhigitov_2_5		tilde_artifact: 'диссеминированный' → 'disseminated chorea'
диссоциированный	dissociated nystagmus		needs_human_review	akzhigitov_2_5		tilde_artifact: 'диссоциированный' → 'dissociated nystagmus'
дистально-промежуточный	distal intermediate cusp		needs_human_review	akzhigitov_2_5		tilde_artifact: 'дистально-промежуточный' → 'distal intermediate cusp'
дихориальный	dichorial, dichorionic		needs_human_review	akzhigitov_2_5		tilde_artifact: 'дихориальный' → 'dichorial, dichorionic'
диэнцефальный	diencephalic syndrome		needs_human_review	akzhigitov_2_5		tilde_artifact: 'диэнцефальный' → 'diencephalic syndrome'
длительный	lasting immunity		needs_human_review	akzhigitov_2_5		tilde_artifact: 'длительный' → 'lasting immunity'
длительный	long-standing		needs_human_review	akzhigitov_2_5		tilde_artifact: 'длительный' → 'long-standing'
догоспитальный	pre-hospital, prehospital		needs_human_review	akzhigitov_2_5		tilde_artifact: 'догоспитальный' → 'pre-hospital, prehospital'
дозировочный	dose syringe		needs_human_review	akzhigitov_2_5		tilde_artifact: 'дозировочный' → 'dose syringe'
долихоцефалический	dolichocephalic skull		needs_human_review	akzhigitov_2_5		tilde_artifact: 'долихоцефалический' → 'dolichocephalic skull'
донный	bottom-dwelling		needs_human_review	akzhigitov_2_5		tilde_artifact: 'донный' → 'bottom-dwelling'
доношенный	full term		reference_only	baldwin_reference		tilde_artifact: 'доношенный' → 'full term'
дополнительный	snbsidiary experiment		needs_human_review	akzhigitov_2_5		tilde_artifact: 'дополнительный' → 'snbsidiary experiment'
дюрантный	long-delayed		needs_human_review	akzhigitov_2_5		tilde_artifact: 'дюрантный' → 'long-delayed'
естественный	natural parthenogenesis		needs_human_review	akzhigitov_2_5		tilde_artifact: 'естественный' → 'natural parthenogenesis'
желточный	yolk duct		needs_human_review	akzhigitov_2_5		tilde_artifact: 'желточный' → 'yolk duct'
желтушный	Weil's fib		needs_human_review	akzhigitov_2_5		"tilde_artifact: 'желтушный' → ""Weil's fib"""
желудочковый	ventricular rhythm		needs_human_review	akzhigitov_2_5		tilde_artifact: 'желудочковый' → 'ventricular rhythm'
желчегонный	bile-expelling		needs_human_review	akzhigitov_2_5		tilde_artifact: 'желчегонный' → 'bile-expelling'
Живорожденный	Live birth		reference_only	vaccine_pdf_WHO		tilde_artifact: 'Живорожденный' → 'Live birth'
живорождённый	live-born		needs_human_review	akzhigitov_2_5		tilde_artifact: 'живорождённый' → 'live-born'
жирорасшепляюший	fat-splitting		needs_human_review	akzhigitov_2_5		tilde_artifact: 'жирорасшепляюший' → 'fat-splitting'
закрытый	sealed source		needs_human_review	akzhigitov_2_5		tilde_artifact: 'закрытый' → 'sealed source'
занесённый	imported [introduced) cases		needs_human_review	akzhigitov_2_5		tilde_artifact: 'занесённый' → 'imported [introduced) cases'
заразный	communicable period		needs_human_review	akzhigitov_2_5		tilde_artifact: 'заразный' → 'communicable period'
зародышевый	germ (-bearing) hillock		needs_human_review	akzhigitov_2_5		tilde_artifact: 'зародышевый' → 'germ (-bearing) hillock'
зародышевый	germ disk		needs_human_review	akzhigitov_2_5		tilde_artifact: 'зародышевый' → 'germ disk'
застывший	stiff in death		needs_human_review	akzhigitov_2_5		tilde_artifact: 'застывший' → 'stiff in death'
заторможенный	mentally retarded intellect		needs_human_review	akzhigitov_2_5		tilde_artifact: 'заторможенный' → 'mentally retarded intellect'
затылочно-подбородочный	occipitomental diameter		needs_human_review	akzhigitov_2_5		tilde_artifact: 'затылочно-подбородочный' → 'occipitomental diameter'
заячья болезнь [туляремия]			reference_only	baldwin_reference		empty_en_after_fix
звёздчатый	stellar, stellate		needs_human_review	akzhigitov_2_5		tilde_artifact: 'звёздчатый' → 'stellar, stellate'
зрачковый	pupillary inborn		needs_human_review	akzhigitov_2_5		tilde_artifact: 'зрачковый' → 'pupillary inborn'
зрительный	optic(al)		reference_only	baldwin_reference		tilde_artifact: 'зрительный' → 'optic(al)'
идиопатический	self-existing		reference_only	baldwin_reference		tilde_artifact: 'идиопатический' → 'self-existing'
идиопатический	idiopathetic, idiopathic		needs_human_review	akzhigitov_2_5		tilde_artifact: 'идиопатический' → 'idiopathetic, idiopathic'
идиопатический	idiopathic pericarditis		needs_human_review	akzhigitov_2_5		tilde_artifact: 'идиопатический' → 'idiopathic pericarditis'
изнурительный	back-breaking		needs_human_review	akzhigitov_2_5		tilde_artifact: 'изнурительный' → 'back-breaking'
изохронный	isochronal, isochronic, isochronous		needs_human_review	akzhigitov_2_5		tilde_artifact: 'изохронный' → 'isochronal, isochronic, isochronous'
иктеричеекий	bile-stained, bile-tinged		needs_human_review	akzhigitov_2_5		tilde_artifact: 'иктеричеекий' → 'bile-stained, bile-tinged'
иммунокомпрометированный	immune-compromised		needs_human_review	akzhigitov_2_5		tilde_artifact: 'иммунокомпрометированный' → 'immune-compromised'
иммунонефелометрический	immunoturbidimetric method		needs_human_review	akzhigitov_2_5		tilde_artifact: 'иммунонефелометрический' → 'immunoturbidimetric method'
иммунопролиферативный	immunoproliferative fib		needs_human_review	akzhigitov_2_5		tilde_artifact: 'иммунопролиферативный' → 'immunoproliferative fib'
иммунореактнвный	immunologically measurable insulin		needs_human_review	akzhigitov_2_5		tilde_artifact: 'иммунореактнвный' → 'immunologically measurable insulin'
иммуносорбентный	enzyme-linked immunospot		needs_human_review	akzhigitov_2_5		tilde_artifact: 'иммуносорбентный' → 'enzyme-linked immunospot'
иммуноферментный	enzyme modulator-mediated immunoassay		needs_human_review	akzhigitov_2_5		tilde_artifact: 'иммуноферментный' → 'enzyme modulator-mediated immunoassay'
иммуноферментный	enzyme-linked coagulation assay		needs_human_review	akzhigitov_2_5		tilde_artifact: 'иммуноферментный' → 'enzyme-linked coagulation assay'
иммунохимический	tumor marker immunoassay		needs_human_review	akzhigitov_2_5		tilde_artifact: 'иммунохимический' → 'tumor marker immunoassay'
импульсивный	quick on trigger		needs_human_review	akzhigitov_2_5		tilde_artifact: 'импульсивный' → 'quick on trigger'
инвазивный	aggressive approach		needs_human_review	akzhigitov_2_5		tilde_artifact: 'инвазивный' → 'aggressive approach'
индуцированный	communicated insanity		needs_human_review	akzhigitov_2_5		tilde_artifact: 'индуцированный' → 'communicated insanity'
интактный	healthy patient		needs_human_review	akzhigitov_2_5		tilde_artifact: 'интактный' → 'healthy patient'
инфекционный	infectious jaundice		needs_human_review	akzhigitov_2_5		tilde_artifact: 'инфекционный' → 'infectious jaundice'
инфекционный	infectious, infective		needs_human_review	akzhigitov_2_5		tilde_artifact: 'инфекционный' → 'infectious, infective'
ипсилатеральный	homolateral reflex		needs_human_review	akzhigitov_2_5		tilde_artifact: 'ипсилатеральный' → 'homolateral reflex'
искусственное оплодотворение			reference_only	baldwin_reference		empty_en_after_fix
искусственный	man-made		reference_only	baldwin_reference		tilde_artifact: 'искусственный' → 'man-made'
использованный	"plilogisticated"" open"		needs_human_review	akzhigitov_2_5		"tilde_artifact: 'использованный' → 'plilogisticated"" open'"
испытанный	time-tested, time-tried		needs_human_review	akzhigitov_2_5		tilde_artifact: 'испытанный' → 'time-tested, time-tried'
йодорезистентный	iodine-fast		needs_human_review	akzhigitov_2_5		tilde_artifact: 'йодорезистентный' → 'iodine-fast'
каловый	stercoraceous, stercoral, stercorous		needs_human_review	akzhigitov_2_5		tilde_artifact: 'каловый' → 'stercoraceous, stercoral, stercorous'
кандидоз полости рта			reference_only	baldwin_reference		empty_en_after_fix
кардиально-эзофагеальный	cardio-esophageal		needs_human_review	akzhigitov_2_5		tilde_artifact: 'кардиально-эзофагеальный' → 'cardio-esophageal'
кверулянтый	querulent, querulous		needs_human_review	akzhigitov_2_5		tilde_artifact: 'кверулянтый' → 'querulent, querulous'
кипятить(ся)			reference_only	baldwin_reference		empty_en_after_fix
кислотно-основный	acid-base		needs_human_review	akzhigitov_2_5		tilde_artifact: 'кислотно-основный' → 'acid-base'
кислотостойкий	acidproof, acid-resistant, acid-seal		needs_human_review	akzhigitov_2_5		tilde_artifact: 'кислотостойкий' → 'acidproof, acid-resistant, acid-seal'
кислотоупорный	acid-fast		needs_human_review	akzhigitov_2_5		tilde_artifact: 'кислотоупорный' → 'acid-fast'
классический	combined version		needs_human_review	akzhigitov_2_5		tilde_artifact: 'классический' → 'combined version'
классический	epidemic poliomyelitis		needs_human_review	akzhigitov_2_5		tilde_artifact: 'классический' → 'epidemic poliomyelitis'
клеточнообусловленный	cell-mediated		needs_human_review	akzhigitov_2_5		tilde_artifact: 'клеточнообусловленный' → 'cell-mediated'
Клеточный	Cellular immunity, syn. Cell-bound or cell-mediated immunity (CMI)		reference_only	vaccine_pdf_WHO		tilde_artifact: 'Клеточный' → 'Cellular immunity, syn. Cell-bound or cell-mediated immunity (CMI)'
клешнеобразный	lobster-clow		needs_human_review	akzhigitov_2_5		tilde_artifact: 'клешнеобразный' → 'lobster-clow'
клинический	clinical diabetes mellitus		needs_human_review	akzhigitov_2_5		tilde_artifact: 'клинический' → 'clinical diabetes mellitus'
клинический [общий] анализ мочи			reference_only	baldwin_reference		empty_en_after_fix
клиновидный	cuneate(d), cuneiform		needs_human_review	akzhigitov_2_5		tilde_artifact: 'клиновидный' → 'cuneate(d), cuneiform'
клинообразный	wedge-shaped		needs_human_review	akzhigitov_2_5		tilde_artifact: 'клинообразный' → 'wedge-shaped'
кожно-мышечный	musculocutaneous, musculodermic		needs_human_review	akzhigitov_2_5		tilde_artifact: 'кожно-мышечный' → 'musculocutaneous, musculodermic'
коленный [пателлярный] рефлекс			reference_only	baldwin_reference		empty_en_after_fix
Коллективный	Herd immunity, syn. Population immunity, community immunity		reference_only	vaccine_pdf_WHO		tilde_artifact: 'Коллективный' → 'Herd immunity, syn. Population immunity, community immunity'
Коллективный	Population immunity, syn. Herd immunity, community immunity		reference_only	vaccine_pdf_WHO		tilde_artifact: 'Коллективный' → 'Population immunity, syn. Herd immunity, community immunity'
колликвативный	scrofuloderma, scrofulotuberculosis		needs_human_review	akzhigitov_2_5		tilde_artifact: 'колликвативный' → 'scrofuloderma, scrofulotuberculosis'
колониеобразуюший	colony-forming		needs_human_review	akzhigitov_2_5		tilde_artifact: 'колониеобразуюший' → 'colony-forming'
кольцевидный	ring-shaped		needs_human_review	akzhigitov_2_5		tilde_artifact: 'кольцевидный' → 'ring-shaped'
компенсаторный	compensating alter		needs_human_review	akzhigitov_2_5		tilde_artifact: 'компенсаторный' → 'compensating alter'
компенсаторный	flattening daylight		needs_human_review	akzhigitov_2_5		tilde_artifact: 'компенсаторный' → 'flattening daylight'
комплексный	holistic approach		needs_human_review	akzhigitov_2_5		tilde_artifact: 'комплексный' → 'holistic approach'
комплементустойчивый	complement-resistant strain21		needs_human_review	akzhigitov_2_5		tilde_artifact: 'комплементустойчивый' → 'complement-resistant strain21'
композиционный	composite material		needs_human_review	akzhigitov_2_5		tilde_artifact: 'композиционный' → 'composite material'
компьютеризированный	computer-aided infrared cluster		needs_human_review	akzhigitov_2_5		tilde_artifact: 'компьютеризированный' → 'computer-aided infrared cluster'
компьютерный	computer cluster		needs_human_review	akzhigitov_2_5		tilde_artifact: 'компьютерный' → 'computer cluster'
компьютерный	computer-based		needs_human_review	akzhigitov_2_5		tilde_artifact: 'компьютерный' → 'computer-based'
кондиционированный	antigen-free air conditioning		needs_human_review	akzhigitov_2_5		tilde_artifact: 'кондиционированный' → 'antigen-free air conditioning'
конический	pencil-point		needs_human_review	akzhigitov_2_5		tilde_artifact: 'конический' → 'pencil-point'
конкордантный	concordant countertransference		needs_human_review	akzhigitov_2_5		tilde_artifact: 'конкордантный' → 'concordant countertransference'
констриктивный	chronic cardial compression		needs_human_review	akzhigitov_2_5		tilde_artifact: 'констриктивный' → 'chronic cardial compression'
Консультативный	Advisory Committee on Immunization Practices (ACIP)		reference_only	vaccine_pdf_WHO		tilde_artifact: 'Консультативный' → 'Advisory Committee on Immunization Practices (ACIP)'
контрольно-измерительный	reference instrument		needs_human_review	akzhigitov_2_5		tilde_artifact: 'контрольно-измерительный' → 'reference instrument'
коренастый	thick-set		needs_human_review	akzhigitov_2_5		tilde_artifact: 'коренастый' → 'thick-set'
кортикопетальный	corticipetal, corticoafferent		needs_human_review	akzhigitov_2_5		tilde_artifact: 'кортикопетальный' → 'corticipetal, corticoafferent'
косоглазый	cross-eyed		reference_only	baldwin_reference		tilde_artifact: 'косоглазый' → 'cross-eyed'
костно-мышечный	trapezius osteomyocutaneous flap		needs_human_review	akzhigitov_2_5		tilde_artifact: 'костно-мышечный' → 'trapezius osteomyocutaneous flap'
кратковременный	short term		reference_only	baldwin_reference		tilde_artifact: 'кратковременный' → 'short term'
краткосрочный	short term		reference_only	baldwin_reference		tilde_artifact: 'краткосрочный' → 'short term'
краткосрочный	short-course		needs_human_review	akzhigitov_2_5		tilde_artifact: 'краткосрочный' → 'short-course'
крепкий	able-bodied		needs_human_review	akzhigitov_2_5		tilde_artifact: 'крепкий' → 'able-bodied'
кроветворный	hematogenic, hematogenous		needs_human_review	akzhigitov_2_5		tilde_artifact: 'кроветворный' → 'hematogenic, hematogenous'
кровянистый	blood-tinged		needs_human_review	akzhigitov_2_5		tilde_artifact: 'кровянистый' → 'blood-tinged'
крупномасштабный	large-scale		needs_human_review	akzhigitov_2_5		tilde_artifact: 'крупномасштабный' → 'large-scale'
лактогенный	lactigenic, lactigenous		needs_human_review	akzhigitov_2_5		tilde_artifact: 'лактогенный' → 'lactigenic, lactigenous'
лакунарный	lacnnal, lacunar		needs_human_review	akzhigitov_2_5		tilde_artifact: 'лакунарный' → 'lacnnal, lacunar'
ламинарный	turbulence free		needs_human_review	akzhigitov_2_5		tilde_artifact: 'ламинарный' → 'turbulence free'
леворукий	left-handed		needs_human_review	akzhigitov_2_5		tilde_artifact: 'леворукий' → 'left-handed'
легкораненый	slightly wounded		needs_human_review	akzhigitov_2_5		tilde_artifact: 'легкораненый' → 'slightly wounded'
лекарственноустойчивый	drug-resistant		needs_human_review	akzhigitov_2_5		tilde_artifact: 'лекарственноустойчивый' → 'drug-resistant'
лептосоматический	leptosomatic, leptosomic		needs_human_review	akzhigitov_2_5		tilde_artifact: 'лептосоматический' → 'leptosomatic, leptosomic'
лечебно-профилактический	medico-prophylactic		needs_human_review	akzhigitov_2_5		tilde_artifact: 'лечебно-профилактический' → 'medico-prophylactic'
лечебный	iatric(al)		reference_only	baldwin_reference		tilde_artifact: 'лечебный' → 'iatric(al)'
лимфоцитотоксический	microlymphocytotoxicity enzyme-linked immunospot		needs_human_review	akzhigitov_2_5		tilde_artifact: 'лимфоцитотоксический' → 'microlymphocytotoxicity enzyme-linked immunospot'
Лиофилизированный	Deep-frozen, syn. Lyophilized, freeze-dried		reference_only	vaccine_pdf_WHO		tilde_artifact: 'Лиофилизированный' → 'Deep-frozen, syn. Lyophilized, freeze-dried'
липогенный	adipogenic, adipogenous		needs_human_review	akzhigitov_2_5		tilde_artifact: 'липогенный' → 'adipogenic, adipogenous'
лишённый	amyelencephalic, amyelencephalous mepam		needs_human_review	akzhigitov_2_5		tilde_artifact: 'лишённый' → 'amyelencephalic, amyelencephalous mepam'
лобно-затылочный	fronto-occipital		needs_human_review	akzhigitov_2_5		tilde_artifact: 'лобно-затылочный' → 'fronto-occipital'
Ложно-отрицательный	False negative		reference_only	vaccine_pdf_WHO		tilde_artifact: 'Ложно-отрицательный' → 'False negative'
Ложно-положительный	False positive		reference_only	vaccine_pdf_WHO		tilde_artifact: 'Ложно-положительный' → 'False positive'
ложноотрицательный	false-negative		needs_human_review	akzhigitov_2_5		tilde_artifact: 'ложноотрицательный' → 'false-negative'
ложноположительный	false-positive		needs_human_review	akzhigitov_2_5		tilde_artifact: 'ложноположительный' → 'false-positive'
маловесный	low-birth-weight		needs_human_review	akzhigitov_2_5		tilde_artifact: 'маловесный' → 'low-birth-weight'
маниакально-депрессивный	affective insanity		needs_human_review	akzhigitov_2_5		tilde_artifact: 'маниакально-депрессивный' → 'affective insanity'
марантический	marantic, marasmic		needs_human_review	akzhigitov_2_5		tilde_artifact: 'марантический' → 'marantic, marasmic'
маточно-яичниковый	utero-ovarian		needs_human_review	akzhigitov_2_5		tilde_artifact: 'маточно-яичниковый' → 'utero-ovarian'
маточное кровотечение, метроррагия			reference_only	baldwin_reference		empty_en_after_fix
машинный	machinery-like		needs_human_review	akzhigitov_2_5		tilde_artifact: 'машинный' → 'machinery-like'
маятниковый	to-and-fro absorption system		needs_human_review	akzhigitov_2_5		tilde_artifact: 'маятниковый' → 'to-and-fro absorption system'
маятникообразный	pendulum rhythm		needs_human_review	akzhigitov_2_5		tilde_artifact: 'маятникообразный' → 'pendulum rhythm'
мгновенный	instantaneons vector1		needs_human_review	akzhigitov_2_5		tilde_artifact: 'мгновенный' → 'instantaneons vector1'
медико-социальный	medical-political		needs_human_review	akzhigitov_2_5		tilde_artifact: 'медико-социальный' → 'medical-political'
медицинский	iatric(al)		reference_only	baldwin_reference		tilde_artifact: 'медицинский' → 'iatric(al)'
медленный	tardive, tardy		needs_human_review	akzhigitov_2_5		tilde_artifact: 'медленный' → 'tardive, tardy'
медуллярный	cellular cancer		needs_human_review	akzhigitov_2_5		tilde_artifact: 'медуллярный' → 'cellular cancer'
Межведомственный	Inter-agency Coordinating Committee (ICC)		reference_only	vaccine_pdf_WHO		tilde_artifact: 'Межведомственный' → 'Inter-agency Coordinating Committee (ICC)'
Международный	International Finance Facility for Immunization (IFFIm/IFFim)		reference_only	vaccine_pdf_WHO		tilde_artifact: 'Международный' → 'International Finance Facility for Immunization (IFFIm/IFFim)'
межкультурный	cross-cultural		reference_only	baldwin_reference		tilde_artifact: 'межкультурный' → 'cross-cultural'
межмыщелковый	intercondylar, intercondylous		needs_human_review	akzhigitov_2_5		tilde_artifact: 'межмыщелковый' → 'intercondylar, intercondylous'
межсонный	intercarotic, intercarotid		needs_human_review	akzhigitov_2_5		tilde_artifact: 'межсонный' → 'intercarotic, intercarotid'
мезентериальный	mesaraic, mesareic		needs_human_review	akzhigitov_2_5		tilde_artifact: 'мезентериальный' → 'mesaraic, mesareic'
мембранный	membrane oxygenator		needs_human_review	akzhigitov_2_5		tilde_artifact: 'мембранный' → 'membrane oxygenator'
мембранозный	membranous glomerulonephritis		needs_human_review	akzhigitov_2_5		tilde_artifact: 'мембранозный' → 'membranous glomerulonephritis'
менструальное кровотечение			reference_only	baldwin_reference		empty_en_after_fix
мечевидный	sword-shaped		needs_human_review	akzhigitov_2_5		tilde_artifact: 'мечевидный' → 'sword-shaped'
меченый	target-attaching		needs_human_review	akzhigitov_2_5		tilde_artifact: 'меченый' → 'target-attaching'
мешкообразный	sacciform, saccular		needs_human_review	akzhigitov_2_5		tilde_artifact: 'мешкообразный' → 'sacciform, saccular'
микротитрационный	antistreptolysin microtitration test		needs_human_review	akzhigitov_2_5		tilde_artifact: 'микротитрационный' → 'antistreptolysin microtitration test'
мионевральный	axomuscular synapse		needs_human_review	akzhigitov_2_5		tilde_artifact: 'мионевральный' → 'axomuscular synapse'
многослойный	sandwich-type		needs_human_review	akzhigitov_2_5		tilde_artifact: 'многослойный' → 'sandwich-type'
многотяжевый	multistranded bilayer		needs_human_review	akzhigitov_2_5		tilde_artifact: 'многотяжевый' → 'multistranded bilayer'
многоячейковый	multitrack immunoblotting		needs_human_review	akzhigitov_2_5		tilde_artifact: 'многоячейковый' → 'multitrack immunoblotting'
модифицированный	modified japanese		needs_human_review	akzhigitov_2_5		tilde_artifact: 'модифицированный' → 'modified japanese'
молниеносный	fulminant hepatic necrosis		needs_human_review	akzhigitov_2_5		tilde_artifact: 'молниеносный' → 'fulminant hepatic necrosis'
монетовидный	nummiform, nummular		needs_human_review	akzhigitov_2_5		tilde_artifact: 'монетовидный' → 'nummiform, nummular'
монодетерминантный	monovalent hepatitis		needs_human_review	akzhigitov_2_5		tilde_artifact: 'монодетерминантный' → 'monovalent hepatitis'
морфометрический	morphometric point-counting method		needs_human_review	akzhigitov_2_5		tilde_artifact: 'морфометрический' → 'morphometric point-counting method'
мумифицированный	papyraceous fetus		needs_human_review	akzhigitov_2_5		tilde_artifact: 'мумифицированный' → 'papyraceous fetus'
мышечно-мембранозный	musculomembranous passage		needs_human_review	akzhigitov_2_5		tilde_artifact: 'мышечно-мембранозный' → 'musculomembranous passage'
мягкий	phagedenic chancre		needs_human_review	akzhigitov_2_5		tilde_artifact: 'мягкий' → 'phagedenic chancre'
мёртвый	stone-dead		needs_human_review	akzhigitov_2_5		tilde_artifact: 'мёртвый' → 'stone-dead'
надломленный	broken-down		needs_human_review	akzhigitov_2_5		tilde_artifact: 'надломленный' → 'broken-down'
надмыщелковый	supracondylar, supracondyloid		needs_human_review	akzhigitov_2_5		tilde_artifact: 'надмыщелковый' → 'supracondylar, supracondyloid'
надёжный	fail-safe		needs_human_review	akzhigitov_2_5		tilde_artifact: 'надёжный' → 'fail-safe'
наркоз, анестезия, обезболивание			reference_only	baldwin_reference		empty_en_after_fix
наркотический	psychedelic drug		needs_human_review	akzhigitov_2_5		tilde_artifact: 'наркотический' → 'psychedelic drug'
неблагоприятный	grave prognosis		needs_human_review	akzhigitov_2_5		tilde_artifact: 'неблагоприятный' → 'grave prognosis'
неблагоприятный	poor outcome		needs_human_review	akzhigitov_2_5		tilde_artifact: 'неблагоприятный' → 'poor outcome'
негнойный	apy(et)ous		needs_human_review	akzhigitov_2_5		tilde_artifact: 'негнойный' → 'apy(et)ous'
недоношенный	permaturely born		needs_human_review	akzhigitov_2_5		tilde_artifact: 'недоношенный' → 'permaturely born'
недоразвитый	half-grown		needs_human_review	akzhigitov_2_5		tilde_artifact: 'недоразвитый' → 'half-grown'
незначительный	of no account		needs_human_review	akzhigitov_2_5		tilde_artifact: 'незначительный' → 'of no account'
нейропаралитический	neuroparalytic keratitis		needs_human_review	akzhigitov_2_5		tilde_artifact: 'нейропаралитический' → 'neuroparalytic keratitis'
нейропсихологический	neuropsychological test battery		needs_human_review	akzhigitov_2_5		tilde_artifact: 'нейропсихологический' → 'neuropsychological test battery'
нейтрофильный	segmentated secondary		needs_human_review	akzhigitov_2_5		tilde_artifact: 'нейтрофильный' → 'segmentated secondary'
неквалифицированный	unqualified nursing carditis		needs_human_review	akzhigitov_2_5		tilde_artifact: 'неквалифицированный' → 'unqualified nursing carditis'
некомпетентный	incompetent vessel		needs_human_review	akzhigitov_2_5		tilde_artifact: 'некомпетентный' → 'incompetent vessel'
некрогенный	necrogenic, necrogenous		needs_human_review	akzhigitov_2_5		tilde_artifact: 'некрогенный' → 'necrogenic, necrogenous'
неопущение яичка в мошонку, крипторхизм			reference_only	baldwin_reference		empty_en_after_fix
несостоятельный	without validity		needs_human_review	akzhigitov_2_5		tilde_artifact: 'несостоятельный' → 'without validity'
неспецифический	heterologous stimulus,pi. stimuli		needs_human_review	akzhigitov_2_5		tilde_artifact: 'неспецифический' → 'heterologous stimulus,pi. stimuli'
несращённый	unco-ossified		needs_human_review	akzhigitov_2_5		tilde_artifact: 'несращённый' → 'unco-ossified'
несъедобный	non-nutritive		needs_human_review	akzhigitov_2_5		tilde_artifact: 'несъедобный' → 'non-nutritive'
нетрудоспособный	incapable of work		needs_human_review	akzhigitov_2_5		tilde_artifact: 'нетрудоспособный' → 'incapable of work'
нешинированный	nonstented anastomosis		needs_human_review	akzhigitov_2_5		tilde_artifact: 'нешинированный' → 'nonstented anastomosis'
низкокалорийный	calorie-free		needs_human_review	akzhigitov_2_5		tilde_artifact: 'низкокалорийный' → 'calorie-free'
низкомолекулярный	low-molecular		needs_human_review	akzhigitov_2_5		tilde_artifact: 'низкомолекулярный' → 'low-molecular'
низкопольный	low-field		needs_human_review	akzhigitov_2_5		tilde_artifact: 'низкопольный' → 'low-field'
низкофоновый	low-background		needs_human_review	akzhigitov_2_5		tilde_artifact: 'низкофоновый' → 'low-background'
новейший	up-to-date		needs_human_review	akzhigitov_2_5		tilde_artifact: 'новейший' → 'up-to-date'
новорожденный	suckling negligence		needs_human_review	akzhigitov_2_5		tilde_artifact: 'новорожденный' → 'suckling negligence'
новорождённый	critically ill newborn		needs_human_review	akzhigitov_2_5		tilde_artifact: 'новорождённый' → 'critically ill newborn'
нормокалиемический	sodium-responsive periodic paralysis		needs_human_review	akzhigitov_2_5		tilde_artifact: 'нормокалиемический' → 'sodium-responsive periodic paralysis'
носоглоточный	nasopharyngeal airway		needs_human_review	akzhigitov_2_5		tilde_artifact: 'носоглоточный' → 'nasopharyngeal airway'
носослёзный	nasal duct		needs_human_review	akzhigitov_2_5		tilde_artifact: 'носослёзный' → 'nasal duct'
обезжиренный	fat-extracted, fat-free		needs_human_review	akzhigitov_2_5		tilde_artifact: 'обезжиренный' → 'fat-extracted, fat-free'
облучённый	radiation-exposed		needs_human_review	akzhigitov_2_5		tilde_artifact: 'облучённый' → 'radiation-exposed'
обмороженный	frost-bitten		needs_human_review	akzhigitov_2_5		tilde_artifact: 'обмороженный' → 'frost-bitten'
оболочечный	velamentous, velar		needs_human_review	akzhigitov_2_5		tilde_artifact: 'оболочечный' → 'velamentous, velar'
обработанный	arsenic-cured		needs_human_review	akzhigitov_2_5		tilde_artifact: 'обработанный' → 'arsenic-cured'
обрамлённый	frame-mounted		needs_human_review	akzhigitov_2_5		tilde_artifact: 'обрамлённый' → 'frame-mounted'
обсессивно-компульсивный	obsessive-compulsive syndrome		needs_human_review	akzhigitov_2_5		tilde_artifact: 'обсессивно-компульсивный' → 'obsessive-compulsive syndrome'
объятый	terror-stricken, terror-struck		needs_human_review	akzhigitov_2_5		tilde_artifact: 'объятый' → 'terror-stricken, terror-struck'
объёмный	volu(mo)metric		needs_human_review	akzhigitov_2_5		tilde_artifact: 'объёмный' → 'volu(mo)metric'
обязательный	obligate, obligatory		needs_human_review	akzhigitov_2_5		tilde_artifact: 'обязательный' → 'obligate, obligatory'
овариальный	ovarian, ovaric		needs_human_review	akzhigitov_2_5		tilde_artifact: 'овариальный' → 'ovarian, ovaric'
овсяно-клеточный	oat-cell		needs_human_review	akzhigitov_2_5		tilde_artifact: 'овсяно-клеточный' → 'oat-cell'
огнестойкий	fire-proof		needs_human_review	akzhigitov_2_5		tilde_artifact: 'огнестойкий' → 'fire-proof'
огнестойкий	flame-proof		needs_human_review	akzhigitov_2_5		tilde_artifact: 'огнестойкий' → 'flame-proof'
одновозрастный	even-aged		needs_human_review	akzhigitov_2_5		tilde_artifact: 'одновозрастный' → 'even-aged'
однодневный	ephemeral, ephemerous		needs_human_review	akzhigitov_2_5		tilde_artifact: 'однодневный' → 'ephemeral, ephemerous'
однокамерный	unicameral, unicamerate		needs_human_review	akzhigitov_2_5		tilde_artifact: 'однокамерный' → 'unicameral, unicamerate'
одноканальный	single-channel		needs_human_review	akzhigitov_2_5		tilde_artifact: 'одноканальный' → 'single-channel'
однонейронный	mononeural, mononeuric		needs_human_review	akzhigitov_2_5		tilde_artifact: 'однонейронный' → 'mononeural, mononeuric'
одноразовый	single-use		reference_only	baldwin_reference		tilde_artifact: 'одноразовый' → 'single-use'
однорукий	one-armed		needs_human_review	akzhigitov_2_5		tilde_artifact: 'однорукий' → 'one-armed'
однорукий	single-handed		needs_human_review	akzhigitov_2_5		tilde_artifact: 'однорукий' → 'single-handed'
однослойный	single-layered		needs_human_review	akzhigitov_2_5		tilde_artifact: 'однослойный' → 'single-layered'
однослойный	unilaminar, unilaminate		needs_human_review	akzhigitov_2_5		tilde_artifact: 'однослойный' → 'unilaminar, unilaminate'
одностадийный	one-shot		needs_human_review	akzhigitov_2_5		tilde_artifact: 'одностадийный' → 'one-shot'
одностадийный	one-stage		needs_human_review	akzhigitov_2_5		tilde_artifact: 'одностадийный' → 'one-stage'
одноцепочечный	one chain		needs_human_review	akzhigitov_2_5		tilde_artifact: 'одноцепочечный' → 'one chain'
одноядерный	uninuclear, uninucleate		needs_human_review	akzhigitov_2_5		tilde_artifact: 'одноядерный' → 'uninuclear, uninucleate'
однояйцовый	monovular, monozygotic		needs_human_review	akzhigitov_2_5		tilde_artifact: 'однояйцовый' → 'monovular, monozygotic'
однояйцовый	unioval, uniovular		needs_human_review	akzhigitov_2_5		tilde_artifact: 'однояйцовый' → 'unioval, uniovular'
околомочеточниковый	periureteral, periureteric		needs_human_review	akzhigitov_2_5		tilde_artifact: 'околомочеточниковый' → 'periureteral, periureteric'
околосуставный	juxta-articular		needs_human_review	akzhigitov_2_5		tilde_artifact: 'околосуставный' → 'juxta-articular'
околоэпифизарный	juxta-epiphyseal		needs_human_review	akzhigitov_2_5		tilde_artifact: 'околоэпифизарный' → 'juxta-epiphyseal'
околояичниковый	parovarial, parovarian		needs_human_review	akzhigitov_2_5		tilde_artifact: 'околояичниковый' → 'parovarial, parovarian'
окончательный	final impression		needs_human_review	akzhigitov_2_5		tilde_artifact: 'окончательный' → 'final impression'
олигогенный	discontinuous character		needs_human_review	akzhigitov_2_5		tilde_artifact: 'олигогенный' → 'discontinuous character'
операционно-перевязочный	medical management softwear		needs_human_review	akzhigitov_2_5		tilde_artifact: 'операционно-перевязочный' → 'medical management softwear'
описание			reference_only	baldwin_reference		empty_en_after_fix
оптический	optic(al)		reference_only	baldwin_reference		tilde_artifact: 'оптический' → 'optic(al)'
опухолеспецифический	tumor-associated		needs_human_review	akzhigitov_2_5		tilde_artifact: 'опухолеспецифический' → 'tumor-associated'
опухолеспецифичный	tumor-specific		needs_human_review	akzhigitov_2_5		tilde_artifact: 'опухолеспецифичный' → 'tumor-specific'
ортогенический	edge-to-edge bite		needs_human_review	akzhigitov_2_5		tilde_artifact: 'ортогенический' → 'edge-to-edge bite'
ортогенический	edge-to-edge occlusion		needs_human_review	akzhigitov_2_5		tilde_artifact: 'ортогенический' → 'edge-to-edge occlusion'
осадочный	sedimental, sedimentary		needs_human_review	akzhigitov_2_5		tilde_artifact: 'осадочный' → 'sedimental, sedimentary'
основной	final host		needs_human_review	akzhigitov_2_5		tilde_artifact: 'основной' → 'final host'
остеогенный	ossiferous [ossiflcj		needs_human_review	akzhigitov_2_5		tilde_artifact: 'остеогенный' → 'ossiferous [ossiflcj'
остеогенный	osteogenic, osteogenous		needs_human_review	akzhigitov_2_5		tilde_artifact: 'остеогенный' → 'osteogenic, osteogenous'
остроконечный	sharp-pointed		needs_human_review	akzhigitov_2_5		tilde_artifact: 'остроконечный' → 'sharp-pointed'
остроумный	witty intellect		needs_human_review	akzhigitov_2_5		tilde_artifact: 'остроумный' → 'witty intellect'
острый	pungent taste		needs_human_review	akzhigitov_2_5		tilde_artifact: 'острый' → 'pungent taste'
отдалённый	long-term		reference_only	baldwin_reference		tilde_artifact: 'отдалённый' → 'long-term'
отдельный	selected cassette		needs_human_review	akzhigitov_2_5		tilde_artifact: 'отдельный' → 'selected cassette'
отогенный	otogenic, otogenous		needs_human_review	akzhigitov_2_5		tilde_artifact: 'отогенный' → 'otogenic, otogenous'
отёчный	fluid-overloaded		needs_human_review	akzhigitov_2_5		tilde_artifact: 'отёчный' → 'fluid-overloaded'
охваченный	covered person		needs_human_review	akzhigitov_2_5		tilde_artifact: 'охваченный' → 'covered person'
павловский	miniature stomach		needs_human_review	akzhigitov_2_5		tilde_artifact: 'павловский' → 'miniature stomach'
палочкообразный	rod-like		needs_human_review	akzhigitov_2_5		tilde_artifact: 'палочкообразный' → 'rod-like'
пальцевидный	dactylate, dactylic		needs_human_review	akzhigitov_2_5		tilde_artifact: 'пальцевидный' → 'dactylate, dactylic'
парамезонефрический	paramesonephric duct		needs_human_review	akzhigitov_2_5		tilde_artifact: 'парамезонефрический' → 'paramesonephric duct'
паратиреопривный	parathyroprivie, parathyroprivous		needs_human_review	akzhigitov_2_5		tilde_artifact: 'паратиреопривный' → 'parathyroprivie, parathyroprivous'
паренхиматозный	interstitial keratitis		needs_human_review	akzhigitov_2_5		tilde_artifact: 'паренхиматозный' → 'interstitial keratitis'
паренхиматозный	parenchymal, parenchymatous		needs_human_review	akzhigitov_2_5		tilde_artifact: 'паренхиматозный' → 'parenchymal, parenchymatous'
пассивно-агрессивный	passive-aggressive		needs_human_review	akzhigitov_2_5		tilde_artifact: 'пассивно-агрессивный' → 'passive-aggressive'
пассивный	dispersing electrode		needs_human_review	akzhigitov_2_5		tilde_artifact: 'пассивный' → 'dispersing electrode'
патогенный	causal organism		needs_human_review	akzhigitov_2_5		tilde_artifact: 'патогенный' → 'causal organism'
патогенный	disease-associated serotype		needs_human_review	akzhigitov_2_5		tilde_artifact: 'патогенный' → 'disease-associated serotype'
патогенный	disease-causing		needs_human_review	akzhigitov_2_5		tilde_artifact: 'патогенный' → 'disease-causing'
патогенный	disease-producing factor		needs_human_review	akzhigitov_2_5		tilde_artifact: 'патогенный' → 'disease-producing factor'
патогномоничный	genetico-induced morbi		needs_human_review	akzhigitov_2_5		tilde_artifact: 'патогномоничный' → 'genetico-induced morbi'
пенициллиноустойчивый	penicillin-fast		needs_human_review	akzhigitov_2_5		tilde_artifact: 'пенициллиноустойчивый' → 'penicillin-fast'
пенициллиночувствительный	penicillin-sensitive		needs_human_review	akzhigitov_2_5		tilde_artifact: 'пенициллиночувствительный' → 'penicillin-sensitive'
первично-множественный	multicentric carcinoma		needs_human_review	akzhigitov_2_5		tilde_artifact: 'первично-множественный' → 'multicentric carcinoma'
первичный	full-length transcript		needs_human_review	akzhigitov_2_5		tilde_artifact: 'первичный' → 'full-length transcript'
первичный	primary amyloidosis		needs_human_review	akzhigitov_2_5		tilde_artifact: 'первичный' → 'primary amyloidosis'
перенесённый	healed myocardial infarction		needs_human_review	akzhigitov_2_5		tilde_artifact: 'перенесённый' → 'healed myocardial infarction'
перенесённый	materno-embryonally transferred		needs_human_review	akzhigitov_2_5		tilde_artifact: 'перенесённый' → 'materno-embryonally transferred'
перераспределительный	relative leukocytosis		needs_human_review	akzhigitov_2_5		tilde_artifact: 'перераспределительный' → 'relative leukocytosis'
переходноклеточный	transitional cell carcinoma		needs_human_review	akzhigitov_2_5		tilde_artifact: 'переходноклеточный' → 'transitional cell carcinoma'
переходный	transitional epithelium,/)/, epithelia		needs_human_review	akzhigitov_2_5		tilde_artifact: 'переходный' → 'transitional epithelium,/)/, epithelia'
перидуктальный	plasma cell mastitis		needs_human_review	akzhigitov_2_5		tilde_artifact: 'перидуктальный' → 'plasma cell mastitis'
петлеобразный	ausate, ansiform		needs_human_review	akzhigitov_2_5		tilde_artifact: 'петлеобразный' → 'ausate, ansiform'
пиогенный	pyogen(et)ic		needs_human_review	akzhigitov_2_5		tilde_artifact: 'пиогенный' → 'pyogen(et)ic'
пищеводно-бронхиальный	esophago-bronchial fissure		needs_human_review	akzhigitov_2_5		tilde_artifact: 'пищеводно-бронхиальный' → 'esophago-bronchial fissure'
плоский	arthrodial joint		needs_human_review	akzhigitov_2_5		tilde_artifact: 'плоский' → 'arthrodial joint'
плотностенный	solid-walled		needs_human_review	akzhigitov_2_5		tilde_artifact: 'плотностенный' → 'solid-walled'
поверхностно-активный	surface-active		needs_human_review	akzhigitov_2_5		tilde_artifact: 'поверхностно-активный' → 'surface-active'
повозрастной	age specific nuptiality		needs_human_review	akzhigitov_2_5		tilde_artifact: 'повозрастной' → 'age specific nuptiality'
подагрический	podagral, podagric, podagrous		needs_human_review	akzhigitov_2_5		tilde_artifact: 'подагрический' → 'podagral, podagric, podagrous'
подклапанный	infundibular stenosis		needs_human_review	akzhigitov_2_5		tilde_artifact: 'подклапанный' → 'infundibular stenosis'
подкожный	subdermal, subdermic		needs_human_review	akzhigitov_2_5		tilde_artifact: 'подкожный' → 'subdermal, subdermic'
подмышсчно-бедренный	axillofemoral bypass		needs_human_review	akzhigitov_2_5		tilde_artifact: 'подмышсчно-бедренный' → 'axillofemoral bypass'
поднадкостничный	subperiosteal abscess		needs_human_review	akzhigitov_2_5		tilde_artifact: 'поднадкостничный' → 'subperiosteal abscess'
подъязычно-надгортанный	hyoepiglottic, hyoepiglottidean		needs_human_review	akzhigitov_2_5		tilde_artifact: 'подъязычно-надгортанный' → 'hyoepiglottic, hyoepiglottidean'
позвоночный	rachidial, rachidian		needs_human_review	akzhigitov_2_5		tilde_artifact: 'позвоночный' → 'rachidial, rachidian'
поисковый	explorative, exploratory		needs_human_review	akzhigitov_2_5		tilde_artifact: 'поисковый' → 'explorative, exploratory'
поликлинический	physician office immunoassay		needs_human_review	akzhigitov_2_5		tilde_artifact: 'поликлинический' → 'physician office immunoassay'
полиморфный	dermatitis multiformis		needs_human_review	akzhigitov_2_5		tilde_artifact: 'полиморфный' → 'dermatitis multiformis'
полинуклеарный	polynuclear, polynucleated		needs_human_review	akzhigitov_2_5		tilde_artifact: 'полинуклеарный' → 'polynuclear, polynucleated'
полирезистентный	multidrug-resistant		needs_human_review	akzhigitov_2_5		tilde_artifact: 'полирезистентный' → 'multidrug-resistant'
полиэндокринный	Wermer's prasad		needs_human_review	akzhigitov_2_5		"tilde_artifact: 'полиэндокринный' → ""Wermer's prasad"""
полный	full-bodied		needs_human_review	akzhigitov_2_5		tilde_artifact: 'полный' → 'full-bodied'
послеоперационный	postoperative shock		needs_human_review	akzhigitov_2_5		tilde_artifact: 'послеоперационный' → 'postoperative shock'
послеоперационный	postsurgery, postsurgical		needs_human_review	akzhigitov_2_5		tilde_artifact: 'послеоперационный' → 'postsurgery, postsurgical'
послойный	layer-by-layer		needs_human_review	akzhigitov_2_5		tilde_artifact: 'послойный' → 'layer-by-layer'
поствакцинальный	artificial active immunity		needs_human_review	akzhigitov_2_5		tilde_artifact: 'поствакцинальный' → 'artificial active immunity'
поствакцинальный	postinoculation poliomyelitis		needs_human_review	akzhigitov_2_5		tilde_artifact: 'поствакцинальный' → 'postinoculation poliomyelitis'
поствакцинальный	vaccine-challenged		needs_human_review	akzhigitov_2_5		tilde_artifact: 'поствакцинальный' → 'vaccine-challenged'
пострадавший	affected patient		needs_human_review	akzhigitov_2_5		tilde_artifact: 'пострадавший' → 'affected patient'
пострадавший	casualty mammotrop(h)in		needs_human_review	akzhigitov_2_5		tilde_artifact: 'пострадавший' → 'casualty mammotrop(h)in'
пострадавший	injured individual		needs_human_review	akzhigitov_2_5		tilde_artifact: 'пострадавший' → 'injured individual'
посттрансплантационный	post-transplantation		needs_human_review	akzhigitov_2_5		tilde_artifact: 'посттрансплантационный' → 'post-transplantation'
пофаничный	cut-off		needs_human_review	akzhigitov_2_5		tilde_artifact: 'пофаничный' → 'cut-off'
праворукий	right-handed		needs_human_review	akzhigitov_2_5		tilde_artifact: 'праворукий' → 'right-handed'
преагональный	preagonal, preagonic		needs_human_review	akzhigitov_2_5		tilde_artifact: 'преагональный' → 'preagonal, preagonic'
преддверно-улитковый	acoustic nerve		needs_human_review	akzhigitov_2_5		tilde_artifact: 'преддверно-улитковый' → 'acoustic nerve'
предсмертный	premortal, premortem		needs_human_review	akzhigitov_2_5		tilde_artifact: 'предсмертный' → 'premortal, premortem'
приобретённый	allochthonic, allochthonous		needs_human_review	akzhigitov_2_5		tilde_artifact: 'приобретённый' → 'allochthonic, allochthonous'
причинно-следственный	cause-and-effect		needs_human_review	akzhigitov_2_5		tilde_artifact: 'причинно-следственный' → 'cause-and-effect'
программированный	pre-set		needs_human_review	akzhigitov_2_5		tilde_artifact: 'программированный' → 'pre-set'
пролиферативный	proliferative, proliferous		needs_human_review	akzhigitov_2_5		tilde_artifact: 'пролиферативный' → 'proliferative, proliferous'
пролонгированный	extended-release		needs_human_review	akzhigitov_2_5		tilde_artifact: 'пролонгированный' → 'extended-release'
промежуточный	intermediate calf prochymosin		needs_human_review	akzhigitov_2_5		tilde_artifact: 'промежуточный' → 'intermediate calf prochymosin'
пропитанный	mucus-impregnated		needs_human_review	akzhigitov_2_5		tilde_artifact: 'пропитанный' → 'mucus-impregnated'
прорезиненный	rubber-coated, rubber-covered		needs_human_review	akzhigitov_2_5		tilde_artifact: 'прорезиненный' → 'rubber-coated, rubber-covered'
просроченный	out of date		needs_human_review	akzhigitov_2_5		tilde_artifact: 'просроченный' → 'out of date'
протеолитический	protein-degrading enzyme		needs_human_review	akzhigitov_2_5		tilde_artifact: 'протеолитический' → 'protein-degrading enzyme'
противоглистный	anthelmint(h)ic		needs_human_review	akzhigitov_2_5		tilde_artifact: 'противоглистный' → 'anthelmint(h)ic'
противомалярийный	malari(a)cidal		needs_human_review	akzhigitov_2_5		tilde_artifact: 'противомалярийный' → 'malari(a)cidal'
противораковый	anticancer, anticarcinogenk		needs_human_review	akzhigitov_2_5		tilde_artifact: 'противораковый' → 'anticancer, anticarcinogenk'
противостенокардитический	anti-anginal		needs_human_review	akzhigitov_2_5		tilde_artifact: 'противостенокардитический' → 'anti-anginal'
Противостолбнячный	Tetanus immunoglobulin, syn. Tetanus immune globulin		reference_only	vaccine_pdf_WHO		tilde_artifact: 'Противостолбнячный' → 'Tetanus immunoglobulin, syn. Tetanus immune globulin'
противоточный	connter-(current) immunoelectrophoresis		needs_human_review	akzhigitov_2_5		tilde_artifact: 'противоточный' → 'connter-(current) immunoelectrophoresis'
противоточный	immuno-osmophoresis		needs_human_review	akzhigitov_2_5		tilde_artifact: 'противоточный' → 'immuno-osmophoresis'
противоэрозионный	erosion-preventive		needs_human_review	akzhigitov_2_5		tilde_artifact: 'противоэрозионный' → 'erosion-preventive'
проточный	continuous peritoneal lavage		needs_human_review	akzhigitov_2_5		tilde_artifact: 'проточный' → 'continuous peritoneal lavage'
псевдозаражённый	mock-infected		needs_human_review	akzhigitov_2_5		tilde_artifact: 'псевдозаражённый' → 'mock-infected'
психогенный	psychogen(et)ic		needs_human_review	akzhigitov_2_5		tilde_artifact: 'психогенный' → 'psychogen(et)ic'
психосоматический	body-mind		needs_human_review	akzhigitov_2_5		tilde_artifact: 'психосоматический' → 'body-mind'
психосоматический	mind-body		needs_human_review	akzhigitov_2_5		tilde_artifact: 'психосоматический' → 'mind-body'
пупочно-брыжеечный	omphalomesaraic, omphalomesenteric		needs_human_review	akzhigitov_2_5		tilde_artifact: 'пупочно-брыжеечный' → 'omphalomesaraic, omphalomesenteric'
пучеглазый	lobster-eyed		needs_human_review	akzhigitov_2_5		tilde_artifact: 'пучеглазый' → 'lobster-eyed'
пьяный	zig-zag si		needs_human_review	akzhigitov_2_5		tilde_artifact: 'пьяный' → 'zig-zag si'
радиоиммунохимический	radioimmunochemical multicolor		needs_human_review	akzhigitov_2_5		tilde_artifact: 'радиоиммунохимический' → 'radioimmunochemical multicolor'
разветвлённый	brachiate, brachiferous		needs_human_review	akzhigitov_2_5		tilde_artifact: 'разветвлённый' → 'brachiate, brachiferous'
раздробленный	vertebral crush fracture		needs_human_review	akzhigitov_2_5		tilde_artifact: 'раздробленный' → 'vertebral crush fracture'
разновозрастный	mixed-aged		needs_human_review	akzhigitov_2_5		tilde_artifact: 'разновозрастный' → 'mixed-aged'
распределительный	distributing tank		needs_human_review	akzhigitov_2_5		tilde_artifact: 'распределительный' → 'distributing tank'
распространённый	extensive disease		needs_human_review	akzhigitov_2_5		tilde_artifact: 'распространённый' → 'extensive disease'
рассеянный	disseminated hemangiomatosis		needs_human_review	akzhigitov_2_5		tilde_artifact: 'рассеянный' → 'disseminated hemangiomatosis'
расшифровка			reference_only	baldwin_reference		empty_en_after_fix
редкий	less common		needs_human_review	akzhigitov_2_5		tilde_artifact: 'редкий' → 'less common'
рентабельный	cost-effective		needs_human_review	akzhigitov_2_5		tilde_artifact: 'рентабельный' → 'cost-effective'
респираторно-синцитиальный	respiratory syncytial crocidura		needs_human_review	akzhigitov_2_5		tilde_artifact: 'респираторно-синцитиальный' → 'respiratory syncytial crocidura'
рефлексогенный	reflexogenic, reflexogenous		needs_human_review	akzhigitov_2_5		tilde_artifact: 'рефлексогенный' → 'reflexogenic, reflexogenous'
ритмический	rhythmic(al)		reference_only	baldwin_reference		tilde_artifact: 'ритмический' → 'rhythmic(al)'
ритмичный	rhythmic(al)		reference_only	baldwin_reference		tilde_artifact: 'ритмичный' → 'rhythmic(al)'
ромашковый	camomile/chamomile		reference_only	baldwin_reference		tilde_artifact: 'ромашковый' → 'camomile/chamomile'
ротационный	rotational staff		needs_human_review	akzhigitov_2_5		tilde_artifact: 'ротационный' → 'rotational staff'
ротоглоточный	oropharyngeal airway		needs_human_review	akzhigitov_2_5		tilde_artifact: 'ротоглоточный' → 'oropharyngeal airway'
самопроизвольный	self-existing		reference_only	baldwin_reference		tilde_artifact: 'самопроизвольный' → 'self-existing'
сапрогенный	saprogenic, saprogenous		needs_human_review	akzhigitov_2_5		tilde_artifact: 'сапрогенный' → 'saprogenic, saprogenous'
светлоклеточный	clear-cell		needs_human_review	akzhigitov_2_5		tilde_artifact: 'светлоклеточный' → 'clear-cell'
светочувствительный	light-sensitive		needs_human_review	akzhigitov_2_5		tilde_artifact: 'светочувствительный' → 'light-sensitive'
свободный	free chronic hepatitis		needs_human_review	akzhigitov_2_5		tilde_artifact: 'свободный' → 'free chronic hepatitis'
своевременный	well-timed		needs_human_review	akzhigitov_2_5		tilde_artifact: 'своевременный' → 'well-timed'
связанный	age-associated		needs_human_review	akzhigitov_2_5		tilde_artifact: 'связанный' → 'age-associated'
сдержанный	self-contained		needs_human_review	akzhigitov_2_5		tilde_artifact: 'сдержанный' → 'self-contained'
сдинобугорный	spinothalamic tract		needs_human_review	akzhigitov_2_5		tilde_artifact: 'сдинобугорный' → 'spinothalamic tract'
себорейный	seborrheal, seborrheic, seborrheic		needs_human_review	akzhigitov_2_5		tilde_artifact: 'себорейный' → 'seborrheal, seborrheic, seborrheic'
секвестрированный	sequestered hepatitis		needs_human_review	akzhigitov_2_5		tilde_artifact: 'секвестрированный' → 'sequestered hepatitis'
сенестопатическиипохондрический	senestopathic-hypochondriacal		needs_human_review	akzhigitov_2_5		tilde_artifact: 'сенестопатическиипохондрический' → 'senestopathic-hypochondriacal'
сенсибилизированный	effector allospecific cytoxic		needs_human_review	akzhigitov_2_5		tilde_artifact: 'сенсибилизированный' → 'effector allospecific cytoxic'
сердечная мышца, миокард			reference_only	baldwin_reference		empty_en_after_fix
сетчатый	reticular lymphangitis		needs_human_review	akzhigitov_2_5		tilde_artifact: 'сетчатый' → 'reticular lymphangitis'
сетчатый	reticular, reticulated		needs_human_review	akzhigitov_2_5		tilde_artifact: 'сетчатый' → 'reticular, reticulated'
сибиреязвенный	malignant carbuncle		needs_human_review	akzhigitov_2_5		tilde_artifact: 'сибиреязвенный' → 'malignant carbuncle'
сильный	vehemency, vehement		needs_human_review	akzhigitov_2_5		tilde_artifact: 'сильный' → 'vehemency, vehement'
симпатикотропный	sympathicotrope, sympathicotropic		needs_human_review	akzhigitov_2_5		tilde_artifact: 'симпатикотропный' → 'sympathicotrope, sympathicotropic'
синдром Фримена- Шелдона, краниокарпотарзальная дисплазия, синдром «лицо свистящего человека»			reference_only	baldwin_reference		empty_en_after_fix
синергический	synerg(et)ic		needs_human_review	akzhigitov_2_5		tilde_artifact: 'синергический' → 'synerg(et)ic'
сиплый	horse voice		needs_human_review	akzhigitov_2_5		tilde_artifact: 'сиплый' → 'horse voice'
скарлатиноподобный	scarlatiniform, scarlatinoid		needs_human_review	akzhigitov_2_5		tilde_artifact: 'скарлатиноподобный' → 'scarlatiniform, scarlatinoid'
склеродермоподобный	morphea-like		needs_human_review	akzhigitov_2_5		tilde_artifact: 'склеродермоподобный' → 'morphea-like'
слабовыражеиный	slight symptom		needs_human_review	akzhigitov_2_5		tilde_artifact: 'слабовыражеиный' → 'slight symptom'
слабовыраженный	slight sign		needs_human_review	akzhigitov_2_5		tilde_artifact: 'слабовыраженный' → 'slight sign'
слабореактивный	slow-reacting		needs_human_review	akzhigitov_2_5		tilde_artifact: 'слабореактивный' → 'slow-reacting'
слабощелочной	weakly alkaline		needs_human_review	akzhigitov_2_5		tilde_artifact: 'слабощелочной' → 'weakly alkaline'
слипчивый	adhesive pledget		needs_human_review	akzhigitov_2_5		tilde_artifact: 'слипчивый' → 'adhesive pledget'
слюнный	sialic, sialine		needs_human_review	akzhigitov_2_5		tilde_artifact: 'слюнный' → 'sialic, sialine'
смешанный	mixed astigmatism, astigmia		needs_human_review	akzhigitov_2_5		tilde_artifact: 'смешанный' → 'mixed astigmatism, astigmia'
сноподобный	dream-like		needs_human_review	akzhigitov_2_5		tilde_artifact: 'сноподобный' → 'dream-like'
снотворный	somniferous, somnific		needs_human_review	akzhigitov_2_5		tilde_artifact: 'снотворный' → 'somniferous, somnific'
собранный	self-collected		needs_human_review	akzhigitov_2_5		tilde_artifact: 'собранный' → 'self-collected'
содружественный	conjugate nystagmus		needs_human_review	akzhigitov_2_5		tilde_artifact: 'содружественный' → 'conjugate nystagmus'
соматический	morphologic sex		needs_human_review	akzhigitov_2_5		tilde_artifact: 'соматический' → 'morphologic sex'
сосочково-плоскоклеточный	verrucous squamous carcinoma		needs_human_review	akzhigitov_2_5		tilde_artifact: 'сосочково-плоскоклеточный' → 'verrucous squamous carcinoma'
сочетанный	combined mitral disease		needs_human_review	akzhigitov_2_5		tilde_artifact: 'сочетанный' → 'combined mitral disease'
специфический	offend [offending) allergen		needs_human_review	akzhigitov_2_5		tilde_artifact: 'специфический' → 'offend [offending) allergen'
спиралеобразный	turbinal, turbinate		needs_human_review	akzhigitov_2_5		tilde_artifact: 'спиралеобразный' → 'turbinal, turbinate'
спокойный	even-minded		needs_human_review	akzhigitov_2_5		tilde_artifact: 'спокойный' → 'even-minded'
спорогенный	spore-bearing		needs_human_review	akzhigitov_2_5		tilde_artifact: 'спорогенный' → 'spore-bearing'
способность передвигаться (ходьба)			reference_only	baldwin_reference		empty_en_after_fix
среднетяжёлый	intermediate isotope		needs_human_review	akzhigitov_2_5		tilde_artifact: 'среднетяжёлый' → 'intermediate isotope'
старческий	gerontal, gerontic		needs_human_review	akzhigitov_2_5		tilde_artifact: 'старческий' → 'gerontal, gerontic'
стафилококковый	staphylococcal-antisalmonella reagent		needs_human_review	akzhigitov_2_5		tilde_artifact: 'стафилококковый' → 'staphylococcal-antisalmonella reagent'
стероидрезистентный	steroid-refractory		needs_human_review	akzhigitov_2_5		tilde_artifact: 'стероидрезистентный' → 'steroid-refractory'
столбчаю-клеточный	columnar-celled		needs_human_review	akzhigitov_2_5		tilde_artifact: 'столбчаю-клеточный' → 'columnar-celled'
структурно-функциональный	structure-function multicolor		needs_human_review	akzhigitov_2_5		tilde_artifact: 'структурно-функциональный' → 'structure-function multicolor'
студенистый	tremelloid, tremeliose		needs_human_review	akzhigitov_2_5		tilde_artifact: 'студенистый' → 'tremelloid, tremeliose'
субментовертикальный	submentovertical pad		needs_human_review	akzhigitov_2_5		tilde_artifact: 'субментовертикальный' → 'submentovertical pad'
субпсихотический	border-line psychosurgery		needs_human_review	akzhigitov_2_5		tilde_artifact: 'субпсихотический' → 'border-line psychosurgery'
субтотальный	near-total		needs_human_review	akzhigitov_2_5		tilde_artifact: 'субтотальный' → 'near-total'
субэпидермальный	subepidermal, snbepidermic		needs_human_review	akzhigitov_2_5		tilde_artifact: 'субэпидермальный' → 'subepidermal, snbepidermic'
судорожный	spasmodic laughter		needs_human_review	akzhigitov_2_5		tilde_artifact: 'судорожный' → 'spasmodic laughter'
судорожный	tonico-clonic seizures		needs_human_review	akzhigitov_2_5		tilde_artifact: 'судорожный' → 'tonico-clonic seizures'
судорожный	whooping sydenham's		needs_human_review	akzhigitov_2_5		"tilde_artifact: 'судорожный' → ""whooping sydenham's"""
супрааурикулярный	supra-auricular		needs_human_review	akzhigitov_2_5		tilde_artifact: 'супрааурикулярный' → 'supra-auricular'
сурфактантассоциированный	surfactantassociated protein		needs_human_review	akzhigitov_2_5		tilde_artifact: 'сурфактантассоциированный' → 'surfactantassociated protein'
схваткообразный	cramp-like		needs_human_review	akzhigitov_2_5		tilde_artifact: 'схваткообразный' → 'cramp-like'
табетический	tab(et)ic		needs_human_review	akzhigitov_2_5		tilde_artifact: 'табетический' → 'tab(et)ic'
твердофазный	centrifugation-augmented solidphase immunoassay		needs_human_review	akzhigitov_2_5		tilde_artifact: 'твердофазный' → 'centrifugation-augmented solidphase immunoassay'
творожистый	tyroid nam		needs_human_review	akzhigitov_2_5		tilde_artifact: 'творожистый' → 'tyroid nam'
твёрдый	solid-state		needs_human_review	akzhigitov_2_5		tilde_artifact: 'твёрдый' → 'solid-state'
тегументарный	anergic cutaneous leishmaniasis		needs_human_review	akzhigitov_2_5		tilde_artifact: 'тегументарный' → 'anergic cutaneous leishmaniasis'
теплокровный	warm-blooded		needs_human_review	akzhigitov_2_5		tilde_artifact: 'теплокровный' → 'warm-blooded'
термогравиметрический	thermogravimetric multicolor		needs_human_review	akzhigitov_2_5		tilde_artifact: 'термогравиметрический' → 'thermogravimetric multicolor'
термолабильный	heat-labile		needs_human_review	akzhigitov_2_5		tilde_artifact: 'термолабильный' → 'heat-labile'
термостойкий	coctostabile, coctostable		needs_human_review	akzhigitov_2_5		tilde_artifact: 'термостойкий' → 'coctostabile, coctostable'
тест-антигеновый	panel-reactive		needs_human_review	akzhigitov_2_5		tilde_artifact: 'тест-антигеновый' → 'panel-reactive'
типичный	most common pathogen		needs_human_review	akzhigitov_2_5		tilde_artifact: 'типичный' → 'most common pathogen'
тиреотропный	thyroid-stimulating		needs_human_review	akzhigitov_2_5		tilde_artifact: 'тиреотропный' → 'thyroid-stimulating'
тонкослойный	narrow-zoned		needs_human_review	akzhigitov_2_5		tilde_artifact: 'тонкослойный' → 'narrow-zoned'
тонкослойный	thin-layer		needs_human_review	akzhigitov_2_5		tilde_artifact: 'тонкослойный' → 'thin-layer'
торпидный	torpent, torpid		needs_human_review	akzhigitov_2_5		tilde_artifact: 'торпидный' → 'torpent, torpid'
травмированный	victim of injury		needs_human_review	akzhigitov_2_5		tilde_artifact: 'травмированный' → 'victim of injury'
тракционный	Rokitansky's diverticulum		needs_human_review	akzhigitov_2_5		"tilde_artifact: 'тракционный' → ""Rokitansky's diverticulum"""
трансграничный	transboundary pollution		needs_human_review	akzhigitov_2_5		tilde_artifact: 'трансграничный' → 'transboundary pollution'
транскультуральный	cross-cultural		needs_human_review	akzhigitov_2_5		tilde_artifact: 'транскультуральный' → 'cross-cultural'
трансмиссивный	tick-born		needs_human_review	akzhigitov_2_5		tilde_artifact: 'трансмиссивный' → 'tick-born'
трансмиссивный	vector-borne		needs_human_review	akzhigitov_2_5		tilde_artifact: 'трансмиссивный' → 'vector-borne'
трансмуральный	through-and-through myocardial infarction		needs_human_review	akzhigitov_2_5		tilde_artifact: 'трансмуральный' → 'through-and-through myocardial infarction'
трансфарингеальный	transpharyngeal panoramic film		needs_human_review	akzhigitov_2_5		tilde_artifact: 'трансфарингеальный' → 'transpharyngeal panoramic film'
трихоринофалангеальный	trichorhinophalangeal atrioventricular valve		needs_human_review	akzhigitov_2_5		tilde_artifact: 'трихоринофалангеальный' → 'trichorhinophalangeal atrioventricular valve'
трубчатый	tubulose, tubulous		needs_human_review	akzhigitov_2_5		tilde_artifact: 'трубчатый' → 'tubulose, tubulous'
трёхдольчатый	trilobate, trilobed		needs_human_review	akzhigitov_2_5		tilde_artifact: 'трёхдольчатый' → 'trilobate, trilobed'
трёхмерный	three-dimensional		needs_human_review	akzhigitov_2_5		tilde_artifact: 'трёхмерный' → 'three-dimensional'
трёхфазный	three-phase		needs_human_review	akzhigitov_2_5		tilde_artifact: 'трёхфазный' → 'three-phase'
тупоконечный	blunt-pointed		needs_human_review	akzhigitov_2_5		tilde_artifact: 'тупоконечный' → 'blunt-pointed'
тяжелобольной	critically ileitis		needs_human_review	akzhigitov_2_5		tilde_artifact: 'тяжелобольной' → 'critically ileitis'
тяжелобольной	fatal caseate		needs_human_review	akzhigitov_2_5		tilde_artifact: 'тяжелобольной' → 'fatal caseate'
тяжелобольной	violently ileopsoas		needs_human_review	akzhigitov_2_5		tilde_artifact: 'тяжелобольной' → 'violently ileopsoas'
тяжелораненый	seriously wounded		needs_human_review	akzhigitov_2_5		tilde_artifact: 'тяжелораненый' → 'seriously wounded'
узелковый	nodulose, nodulous		needs_human_review	akzhigitov_2_5		tilde_artifact: 'узелковый' → 'nodulose, nodulous'
узкоголовый	stenocephalia stenocephalous		needs_human_review	akzhigitov_2_5		tilde_artifact: 'узкоголовый' → 'stenocephalia stenocephalous'
узловатый	torose, torous		needs_human_review	akzhigitov_2_5		tilde_artifact: 'узловатый' → 'torose, torous'
ультрафиолетовый	extra-violet		needs_human_review	akzhigitov_2_5		tilde_artifact: 'ультрафиолетовый' → 'extra-violet'
умалишённый	bereft of reason2		needs_human_review	akzhigitov_2_5		tilde_artifact: 'умалишённый' → 'bereft of reason2'
унылый	low-spirited		needs_human_review	akzhigitov_2_5		tilde_artifact: 'унылый' → 'low-spirited'
уравновешенный	balanced bite		needs_human_review	akzhigitov_2_5		tilde_artifact: 'уравновешенный' → 'balanced bite'
уравновешенный	balanced occlusion		needs_human_review	akzhigitov_2_5		tilde_artifact: 'уравновешенный' → 'balanced occlusion'
устаревший	out of date		needs_human_review	akzhigitov_2_5		tilde_artifact: 'устаревший' → 'out of date'
устный) перевод			reference_only	baldwin_reference		empty_en_after_fix
уфеподобный	acne(i)form		needs_human_review	akzhigitov_2_5		tilde_artifact: 'уфеподобный' → 'acne(i)form'
учёный	research professionals		needs_human_review	akzhigitov_2_5		tilde_artifact: 'учёный' → 'research professionals'
фармацевтический	pharmaceutic(al)		reference_only	baldwin_reference		tilde_artifact: 'фармацевтический' → 'pharmaceutic(al)'
фекально-оральный	fecal-oral		needs_human_review	akzhigitov_2_5		tilde_artifact: 'фекально-оральный' → 'fecal-oral'
Фекальный	Fecal (faecal)		reference_only	covid_dict		tilde_artifact: 'Фекальный' → 'Fecal (faecal)'
фильтрационный	enzyme-linked immunofiltration assay		needs_human_review	akzhigitov_2_5		tilde_artifact: 'фильтрационный' → 'enzyme-linked immunofiltration assay'
фурункл, нарыв, чирей			reference_only	baldwin_reference		empty_en_after_fix
хвостовидный	tail-shaped		needs_human_review	akzhigitov_2_5		tilde_artifact: 'хвостовидный' → 'tail-shaped'
хладнокровный	cold-blooded		needs_human_review	akzhigitov_2_5		tilde_artifact: 'хладнокровный' → 'cold-blooded'
хлорид-чувствительный	chlorid-responsive chlorid-resistant		needs_human_review	akzhigitov_2_5		tilde_artifact: 'хлорид-чувствительный' → 'chlorid-responsive chlorid-resistant'
холиномиметический	cholinoceptive, cholinergic		needs_human_review	akzhigitov_2_5		tilde_artifact: 'холиномиметический' → 'cholinoceptive, cholinergic'
холодоустойчивый	frigostab(i)le		needs_human_review	akzhigitov_2_5		tilde_artifact: 'холодоустойчивый' → 'frigostab(i)le'
хореический	choreal, choreic		needs_human_review	akzhigitov_2_5		tilde_artifact: 'хореический' → 'choreal, choreic'
хороший	good-fair		needs_human_review	akzhigitov_2_5		tilde_artifact: 'хороший' → 'good-fair'
хриплый	rhonch(i)al		needs_human_review	akzhigitov_2_5		tilde_artifact: 'хриплый' → 'rhonch(i)al'
хроматографический	stream chromatography multicolor		needs_human_review	akzhigitov_2_5		tilde_artifact: 'хроматографический' → 'stream chromatography multicolor'
цельностеклянный	all-glass		needs_human_review	akzhigitov_2_5		tilde_artifact: 'цельностеклянный' → 'all-glass'
церебро-гепато-ренальный	cerebro-hepato-renal syndrome		needs_human_review	akzhigitov_2_5		tilde_artifact: 'церебро-гепато-ренальный' → 'cerebro-hepato-renal syndrome'
цианотичный	cyanochroic, cyanochrous		needs_human_review	akzhigitov_2_5		tilde_artifact: 'цианотичный' → 'cyanochroic, cyanochrous'
цилиндрический	cylindrical epithelium,/)/, epithelia		needs_human_review	akzhigitov_2_5		tilde_artifact: 'цилиндрический' → 'cylindrical epithelium,/)/, epithelia'
цилиндроклеточный	cylindric cell carcinoma		needs_human_review	akzhigitov_2_5		tilde_artifact: 'цилиндроклеточный' → 'cylindric cell carcinoma'
цилиндроклсточно-плоский	columnar-lined		needs_human_review	akzhigitov_2_5		tilde_artifact: 'цилиндроклсточно-плоский' → 'columnar-lined'
цимбоцефалический	cymbocephalic, cymbocephalous		needs_human_review	akzhigitov_2_5		tilde_artifact: 'цимбоцефалический' → 'cymbocephalic, cymbocephalous'
циркулярный	circn inferential		needs_human_review	akzhigitov_2_5		tilde_artifact: 'циркулярный' → 'circn inferential'
частотно-модулированный	frequency-modulated signal		needs_human_review	akzhigitov_2_5		tilde_artifact: 'частотно-модулированный' → 'frequency-modulated signal'
чашеобразный	scyphiform, scyphoid		needs_human_review	akzhigitov_2_5		tilde_artifact: 'чашеобразный' → 'scyphiform, scyphoid'
чрезвлагалищный	per vaginum		needs_human_review	akzhigitov_2_5		tilde_artifact: 'чрезвлагалищный' → 'per vaginum'
чрескостно-билокальный	bilocal-transosseous		needs_human_review	akzhigitov_2_5		tilde_artifact: 'чрескостно-билокальный' → 'bilocal-transosseous'
шиловидный	styliform, styloid		needs_human_review	akzhigitov_2_5		tilde_artifact: 'шиловидный' → 'styliform, styloid'
широкомасштабный	wide-ranging		needs_human_review	akzhigitov_2_5		tilde_artifact: 'широкомасштабный' → 'wide-ranging'
широкопросветный	large-bore		needs_human_review	akzhigitov_2_5		tilde_artifact: 'широкопросветный' → 'large-bore'
эгоистичный	self-centered		needs_human_review	akzhigitov_2_5		tilde_artifact: 'эгоистичный' → 'self-centered'
экзогенный	exogen(et)ic		needs_human_review	akzhigitov_2_5		tilde_artifact: 'экзогенный' → 'exogen(et)ic'
экзокринный	exocrine, exocrinous		needs_human_review	akzhigitov_2_5		tilde_artifact: 'экзокринный' → 'exocrine, exocrinous'
экскреторный	excretive, excretory		needs_human_review	akzhigitov_2_5		tilde_artifact: 'экскреторный' → 'excretive, excretory'
экстракардиальный	precordial honk		needs_human_review	akzhigitov_2_5		tilde_artifact: 'экстракардиальный' → 'precordial honk'
эктопия (смещение органа в соседние полости тела или наружу при врождённом дефекте или травматическом повреждении)			reference_only	baldwin_reference		empty_en_after_fix
электродисперсионный	energy dispersive X-ray		needs_human_review	akzhigitov_2_5		tilde_artifact: 'электродисперсионный' → 'energy dispersive X-ray'
электронно-парамагнитный	electron paramagnetic analyzer1		needs_human_review	akzhigitov_2_5		tilde_artifact: 'электронно-парамагнитный' → 'electron paramagnetic analyzer1'
эндогенный	endogenic, endogenous		needs_human_review	akzhigitov_2_5		tilde_artifact: 'эндогенный' → 'endogenic, endogenous'
Эндотелиальный	Endothelium-derived		reference_only	covid_dict		tilde_artifact: 'Эндотелиальный' → 'Endothelium-derived'
эндотермический	heat-absorbing		needs_human_review	akzhigitov_2_5		tilde_artifact: 'эндотермический' → 'heat-absorbing'
энтеросолюбильный	enteric coated		needs_human_review	akzhigitov_2_5		tilde_artifact: 'энтеросолюбильный' → 'enteric coated'
энцефалогригеминальный	enccphalotrigeminal angioma		needs_human_review	akzhigitov_2_5		tilde_artifact: 'энцефалогригеминальный' → 'enccphalotrigeminal angioma'
эозинофильный	eosinophilic, eosinophilous		needs_human_review	akzhigitov_2_5		tilde_artifact: 'эозинофильный' → 'eosinophilic, eosinophilous'
эпидемический	louse-borne relapsing fever		needs_human_review	akzhigitov_2_5		tilde_artifact: 'эпидемический' → 'louse-borne relapsing fever'
эпидермальный	epidermal, epidermatic		needs_human_review	akzhigitov_2_5		tilde_artifact: 'эпидермальный' → 'epidermal, epidermatic'
эпилептиформный	seizure-like		needs_human_review	akzhigitov_2_5		tilde_artifact: 'эпилептиформный' → 'seizure-like'
эритематозный	erythematic, erythematous		needs_human_review	akzhigitov_2_5		tilde_artifact: 'эритематозный' → 'erythematic, erythematous'
эрогенный	erogenic, erogenous		needs_human_review	akzhigitov_2_5		tilde_artifact: 'эрогенный' → 'erogenic, erogenous'
эссенциальный	self-existing		needs_human_review	akzhigitov_2_5		tilde_artifact: 'эссенциальный' → 'self-existing'
эталонный	reference hepatitis		needs_human_review	akzhigitov_2_5		tilde_artifact: 'эталонный' → 'reference hepatitis'
эталонный	reference strain21		needs_human_review	akzhigitov_2_5		tilde_artifact: 'эталонный' → 'reference strain21'
эталонный	standard hepatitis		needs_human_review	akzhigitov_2_5		tilde_artifact: 'эталонный' → 'standard hepatitis'
юношеский	teen-age		needs_human_review	akzhigitov_2_5		tilde_artifact: 'юношеский' → 'teen-age'
ядерно-цитоплазматический	nuclear-cytoplasmic asynchronia		needs_human_review	akzhigitov_2_5		tilde_artifact: 'ядерно-цитоплазматический' → 'nuclear-cytoplasmic asynchronia'
янтарный-жёлтый	amber-colored		needs_human_review	akzhigitov_2_5		tilde_artifact: 'янтарный-жёлтый' → 'amber-colored'
